approve,flag,title_ar,title_translit,author_en,author_ar,category_slug,size_mb,year,source_url
x,ok,تفسير القرآن العظيم = تفسير ابن كثير - ت: الحويني وبشير,tfsyr alqran alazym tfsyr abn kthyr t alhwyny wbshyr,Ibn Kathir,ابن كثير,quran-studies,21.9,,https://waqfeya.net/books/تفسير-القرآن-العظيم-تفسير-ابن-كثير-ت-الحويني-وبشير-976c95fcfbbe474d8145eeef5ac996b2
x,ok,تفسير الفاتحة - ط. ثبت,tfsyr alfathh t thbt,Ibn Rajab al-Hanbali,ابن رجب الحنبلي,quran-studies,3.1,,https://waqfeya.net/books/تفسير-الفاتحة-ط-ثبت-c2179b36690e40158ca48d877bac4020
,review,الدر المنثور في التفسير المأثور,aldr almnthwr fy altfsyr almathwr,al-Suyuti,السيوطي,quran-studies,14.5,,https://waqfeya.net/books/الدر-المنثور-في-التفسير-المأثور-410bcef0a1fe48ac9ddd0eec1a532bdf
,possible-dupe,تفسير الفاتحة,tfsyr alfathh,Ibn Rajab al-Hanbali,ابن رجب الحنبلي,quran-studies,1.4,,https://waqfeya.net/books/تفسير-الفاتحة-d112aca12ace4208aa110b8cdba7baeb
x,ok,تفسير القرآن الكريم - سورة غافر,tfsyr alqran alkrym swrh ghafr,Muhammad ibn Salih al-Uthaymin,محمد بن صالح العثيمين,quran-studies,11.5,,https://waqfeya.net/books/تفسير-القرآن-الكريم--سورة-غافر-039d0195ba7e402cbae27ad5be88727d
x,ok,أضواء البيان في إيضاح القرآن بالقرآن ومعه التتمة - ط. المدني,adwa albyan fy aydah alqran balqran wmah alttmh t almdny,Muhammad al-Amin al-Shinqiti,محمد الأمين الشنقيطي,quran-studies,16.8,,https://waqfeya.net/books/أضواء-البيان-في-إيضاح-القرآن-بالقرآن-ومعه-التتمة-ط-المدني-1dae5c8efa9541b287f6330fb881d874
x,ok,تفسير القرآن الكريم - سورة يس,tfsyr alqran alkrym swrh ys,Muhammad ibn Salih al-Uthaymin,محمد بن صالح العثيمين,quran-studies,6.8,,https://waqfeya.net/books/تفسير-القرآن-الكريم--سورة-يس-b1c81c4c158c459c9c4f5ae22966f2dc
x,ok,تفسير القرآن الكريم - الفاتحة والبقرة,tfsyr alqran alkrym alfathh walbqrh,Muhammad ibn Salih al-Uthaymin,محمد بن صالح العثيمين,quran-studies,8.8,,https://waqfeya.net/books/تفسير-القرآن-الكريم--الفاتحة-والبقرة-17f2b4f6a8a4489695e19fc8b4a5066a
x,ok,تفسير القرآن الكريم - جزء عم,tfsyr alqran alkrym jz am,Muhammad ibn Salih al-Uthaymin,محمد بن صالح العثيمين,quran-studies,14.2,,https://waqfeya.net/books/تفسير-القرآن-الكريم--جزء-عم-1f65181bec15461cb8bc7c35afebf076
x,ok,تفسير القرآن الكريم - سورة الكهف,tfsyr alqran alkrym swrh alkhf,Muhammad ibn Salih al-Uthaymin,محمد بن صالح العثيمين,quran-studies,3.9,,https://waqfeya.net/books/تفسير-القرآن-الكريم--سورة-الكهف-ac3588f67def48c5bb381599011b9660
,review,تفسير الجلالين بهامش المصحف الشريف بالرسم العثماني مصحف المساحة والأميرية مذيلا بكتاب لباب النقول في أسباب النزول,tfsyr aljlalyn bhamsh almshf alshryf balrsm alathmany mshf almsahh walamyryh mdhyla bktab lbab alnqwl fy asbab alnzwl,al-Suyuti,السيوطي,quran-studies,29.8,,https://waqfeya.net/books/تفسير-الجلالين-بهامش-المصحف-الشريف-بالرسم-العثماني-مصحف-المساحة-والأميرية-مذيلا-بكتاب-لباب-النقول-في-أسباب-النزول-c5f7c84ced394ede8a072419107fde1c
x,ok,الجامع تفسير القرآن = تفسير القرآن من الجامع لابن وهب,aljama tfsyr alqran tfsyr alqran mn aljama labn whb,Imam Muslim,مسلم بن الحجاج,quran-studies,2.5,,https://waqfeya.net/books/الجامع-تفسير-القرآن-تفسير-القرآن-من-الجامع-لابن-وهب-d4535b3115be44f395bd67dfaff4ab77
x,ok,تفسير عبد الرزاق - ط. العلمية,tfsyr abd alrzaq t alalmyh,al-San'ani,الصنعاني,quran-studies,8.6,,https://waqfeya.net/books/تفسير-عبد-الرزاق-ط-العلمية-10ad399ba669443cbe6379b6345b504e
,review,تذكرة الأريب في تفسير الغريب,tdhkrh alaryb fy tfsyr alghryb,Ibn al-Jawzi,ابن الجوزي,quran-studies,8.5,,https://waqfeya.net/books/تذكرة-الأريب-في-تفسير-الغريب-c89409dafb004b5eb97bd270ae96eef7
x,ok,الجزء فيه تفسير القرآن ليحيي بن يمان وتفسير لنافع بن أبي نعيم القارئ وتفسير لمسلم بن خالد وتفسير عطاء الخراساني,aljz fyh tfsyr alqran lyhyy bn yman wtfsyr lnafa bn aby naym alqary wtfsyr lmslm bn khald wtfsyr ata alkhrasany,al-Tirmidhi,محمد بن عيسى الترمذي,quran-studies,2.5,,https://waqfeya.net/books/الجزء-فيه-تفسير-القرآن-ليحيي-بن-يمان-وتفسير-لنافع-بن-أبي-نعيم-القارئ-وتفسير-لمسلم-بن-خالد-وتفسير-عطاء-الخراساني-7b9969e0d41b462c931e37a484fe4e32
x,ok,فتح القدير الجامع بين فني الرواية والدراية من علم التفسير = تفسير الشوكاني - ط. الأوقاف السعودية,fth alqdyr aljama byn fny alrwayh waldrayh mn alm altfsyr tfsyr alshwkany t alawqaf alsawdyh,al-Shawkani,الشوكاني,quran-studies,17.8,,https://waqfeya.net/books/فتح-القدير-الجامع-بين-فني-الرواية-والدراية-من-علم-التفسير-تفسير-الشوكاني-ط-الأوقاف-السعودية-e9808fae153744f2ac122e5745cb5c49
x,ok,تيسير اللطيف المنان في خلاصة تفسير القرآن - ط. الأوقاف السعودية,tysyr alltyf almnan fy khlash tfsyr alqran t alawqaf alsawdyh,Abd al-Rahman al-Sa'di,عبد الرحمن بن ناصر السعدي,quran-studies,6.2,,https://waqfeya.net/books/تيسير-اللطيف-المنان-في-خلاصة-تفسير-القرآن-ط-الأوقاف-السعودية-099c840a24024181a9bb81f849f0e3d8
,possible-dupe,العذب النمير من مجالس الشنقيطي في التفسير - ط. مجمع الفقه,aladhb alnmyr mn mjals alshnqyty fy altfsyr t mjma alfqh,Muhammad al-Amin al-Shinqiti,محمد الأمين الشنقيطي,quran-studies,14.3,,https://waqfeya.net/books/العذب-النمير-من-مجالس-الشنقيطي-في-التفسير-ط-مجمع-الفقه-2550ed32e66448fa98dc7862a100ca73
x,ok,أضواء البيان في إيضاح القرآن بالقرآن - ط. مجمع الفقه,adwa albyan fy aydah alqran balqran t mjma alfqh,Muhammad al-Amin al-Shinqiti,محمد الأمين الشنقيطي,quran-studies,17.8,,https://waqfeya.net/books/أضواء-البيان-في-إيضاح-القرآن-بالقرآن-ط-مجمع-الفقه-ff2087e54da94ee885ac48a5f46ae4d0
x,ok,تفسير القرآن بالقرآن من أضواء البيان - ط. الفضيلة,tfsyr alqran balqran mn adwa albyan t alfdylh,Muhammad al-Amin al-Shinqiti,محمد الأمين الشنقيطي,quran-studies,51.2,,https://waqfeya.net/books/تفسير-القرآن-بالقرآن-من-أضواء-البيان-669e315719914903afb20b5f308c3f45
,possible-dupe,تيسير الكريم الرحمن في تفسير كلام المنان = تفسير السعدي - ط. دار السلام,tysyr alkrym alrhmn fy tfsyr klam almnan tfsyr alsady t dar alslam,Abd al-Rahman al-Sa'di,عبد الرحمن بن ناصر السعدي,quran-studies,43.2,,https://waqfeya.net/books/تيسير-الكريم-الرحمن-في-تفسير-كلام-المنان--تفسير-السعدي-ط-دار-السلام-2275f0a671a249c7ac00dfd7c5fc9c05
x,ok,تيسير الكريم الرحمن في تفسير كلام المنان = تفسير السعدي,tysyr alkrym alrhmn fy tfsyr klam almnan tfsyr alsady,Abd al-Rahman al-Sa'di,عبد الرحمن بن ناصر السعدي,quran-studies,42,,https://waqfeya.net/books/تيسير-الكريم-الرحمن-في-تفسير-كلام-المنان--تفسير-السعدي-5c4921e3a8744317a0bd19af5567d4e1
x,ok,تيسير الكريم الرحمن في تفسير كلام المنان = تفسير السعدي - ط. ابن الجوزي,tysyr alkrym alrhmn fy tfsyr klam almnan tfsyr alsady t abn aljwzy,Abd al-Rahman al-Sa'di,عبد الرحمن بن ناصر السعدي,quran-studies,53.8,,https://waqfeya.net/books/تيسير-الكريم-الرحمن-في-تفسير-كلام-المنان--تفسير-السعدي-ط-ابن-الجوزي-bc94c36477dd4bac85c3b569fc16c1ce
x,ok,تيسير الكريم الرحمن في تفسير كلام المنان = تفسير السعدي - ط. الحديث,tysyr alkrym alrhmn fy tfsyr klam almnan tfsyr alsady t alhdyth,Abd al-Rahman al-Sa'di,عبد الرحمن بن ناصر السعدي,quran-studies,37.8,,https://waqfeya.net/books/تيسير-الكريم-الرحمن-في-تفسير-كلام-المنان--تفسير-السعدي-ط-الحديث-d03121f6dfe145758e0a4526d3406a3b
x,ok,تفسير القرآن العظيم - تفسير ابن كثير - ط. العلمية,tfsyr alqran alazym tfsyr abn kthyr t alalmyh,Ibn Kathir,ابن كثير,quran-studies,13.7,,https://waqfeya.net/books/تفسير-القرآن-العظيم-تفسير-ابن-كثير-ط-العلمية-15d7ee35e95d4bc28f3f4b89da402e55
x,ok,فتح البيان في مقاصد القرآن,fth albyan fy mqasd alqran,Siddiq Hasan Khan,صديق حسن خان,quran-studies,9.2,,https://waqfeya.net/books/فتح-البيان-في-مقاصد-القرآن-ddab41c514b44086b8f760483ce13d62
x,ok,تفسيرات شيخ الإسلام ابن تيمية,tfsyrat shykh alaslam abn tymyh,Ibn Taymiyyah,ابن تيمية,quran-studies,8,,https://waqfeya.net/books/تفسيرات-شيخ-الإسلام-ابن-تيمية-dbc04c3e953a41eb8ccf58ff15e8b8f8
x,ok,تفسير قوله تعالى: قل للمؤمنين يغضوا من أبصارهم,tfsyr qwlh taaly ql llmwmnyn yghdwa mn absarhm,Ibn Taymiyyah,ابن تيمية,quran-studies,0.8,,https://waqfeya.net/books/تفسير-قوله-تعالى-قل-للمؤمنين-يغضوا-من-أبصارهم-602abc72ba154c0985f20e93435e29f3
x,ok,تفسير المعوذتين,tfsyr almawdhtyn,Ibn Taymiyyah,ابن تيمية,quran-studies,0.5,,https://waqfeya.net/books/تفسير-المعوذتين-498ee3624d304bee8def69b8477e9916
x,ok,تفسير سورة الإخلاص,tfsyr swrh alakhlas,Ibn Taymiyyah,ابن تيمية,quran-studies,5.1,,https://waqfeya.net/books/تفسير-سورة-الإخلاص-fd19e3c27dc0441886c473b40738bfa4
x,ok,تفسير سورة النور,tfsyr swrh alnwr,Ibn Taymiyyah,ابن تيمية,quran-studies,3.8,,https://waqfeya.net/books/تفسير-سورة-النور-8bb8d6642787451491962a7aa9b9fc12
,possible-dupe,تفسير القرآن العظيم = تفسير ابن كثير - ط. ابن حزم,tfsyr alqran alazym tfsyr abn kthyr t abn hzm,Ibn Kathir,ابن كثير,quran-studies,68.3,,https://waqfeya.net/books/تفسير-القرآن-العظيم-تفسير-ابن-كثير-ط-ابن-حزم-cb594d816b6844248e534221014a5bcc
,review,زاد المسير في علم التفسير - ط المكتب الإسلامي ودار ابن حزم,zad almsyr fy alm altfsyr t almktb alaslamy wdar abn hzm,Ibn al-Jawzi,ابن الجوزي,quran-studies,61.4,,https://waqfeya.net/books/زاد-المسير-في-علم-التفسير--ط-المكتب-الإسلامي-ودار-ابن-حزم-1d8eed588ae74bcea7604d12683f79a8
x,ok,فتح القدير الجامع بين فني الرواية والدراية من علم التفسير = تفسير الشوكاني - ط. المعرفة,fth alqdyr aljama byn fny alrwayh waldrayh mn alm altfsyr tfsyr alshwkany t almarfh,al-Shawkani,الشوكاني,quran-studies,65.4,,https://waqfeya.net/books/فتح-القدير-الجامع-بين-فني-الرواية-والدراية-من-علم-التفسير-تفسير-الشوكاني-ط-المعرفة-17104f0d60a64fe5ae920595e43221fe
x,ok,معالم التنزيل = تفسير البغوي - ط. ابن حزم,maalm altnzyl tfsyr albghwy t abn hzm,al-Baghawi,البغوي,quran-studies,61.1,,https://waqfeya.net/books/معالم-التنزيل-تفسير-البغوي-ط-ابن-حزم-7c0dbc673cb345a5becb7fd68d0f507e
,review,الجامع لأحكام القرآن = تفسير القرطبي - ت: التركي,aljama lahkam alqran tfsyr alqrtby t altrky,al-Qurtubi,القرطبي,quran-studies,11.8,,https://waqfeya.net/books/الجامع-لأحكام-القرآن-تفسير-القرطبي-ت-التركي-f6a37993f47645c6905704cafd15a7e7
,review,الجامع لأحكام القرآن = تفسير القرطبي,aljama lahkam alqran tfsyr alqrtby,al-Qurtubi,القرطبي,quran-studies,17.1,,https://waqfeya.net/books/الجامع-لأحكام-القرآن-تفسير-القرطبي-e336d626d1534fef888d11470a5c110a
x,ok,تفسير القرآن العظيم = تفسير ابن كثير - ط. طيبة,tfsyr alqran alazym tfsyr abn kthyr t tybh,Ibn Kathir,ابن كثير,quran-studies,18.9,,https://waqfeya.net/books/تفسير-القرآن-العظيم-تفسير-ابن-كثير-ط-طيبة-a9419796dbfe447c8d790445a209bbe3
x,ok,روائع التفسير الجامع لتفسير الإمام ابن رجب الحنبلي,rwaya altfsyr aljama ltfsyr alamam abn rjb alhnbly,Ibn Rajab al-Hanbali,ابن رجب الحنبلي,quran-studies,12.9,,https://waqfeya.net/books/روائع-التفسير-الجامع-لتفسير-الإمام-ابن-رجب-الحنبلي-1b96cb68a19947c48f40d44a522b5d89
x,ok,تفسير النسائي,tfsyr alnsayy,al-Nasa'i,أحمد بن شعيب النسائي,quran-studies,11.2,,https://waqfeya.net/books/تفسير-النسائي-31225793906f4f669f26272adb3aa24d
,possible-dupe,معالم التنزيل = تفسير البغوي - ط. دار طيبة,maalm altnzyl tfsyr albghwy t dar tybh,al-Baghawi,البغوي,quran-studies,12.4,,https://waqfeya.net/books/معالم-التنزيل-تفسير-البغوي-ط-دار-طيبة-62a02391d9854b00bceb37bd84e94365
x,ok,الضوء المنير على التفسير,aldw almnyr aly altfsyr,Ibn al-Qayyim,ابن قيم الجوزية,quran-studies,13.8,,https://waqfeya.net/books/الضوء-المنير-على-التفسير-ae6e37fe05e242dc8596b640d2b58e6a
x,ok,التفسير الكبير,altfsyr alkbyr,Ibn Taymiyyah,ابن تيمية,quran-studies,9.6,,https://waqfeya.net/books/التفسير-الكبير-e18fb7abec3349248a04b9ff5638003f
x,ok,دقائق التفسير الجامع لتفسير الإمام ابن تيمية,dqayq altfsyr aljama ltfsyr alamam abn tymyh,Ibn Taymiyyah,ابن تيمية,quran-studies,11.7,,https://waqfeya.net/books/دقائق-التفسير-الجامع-لتفسير-الإمام-ابن-تيمية-8a50e442ad5c416abafeec9bb9ce8da2
x,ok,التفسير القيم للإمام ابن القيم - ت: الفقي,altfsyr alqym llamam abn alqym t alfqy,Ibn al-Qayyim,ابن قيم الجوزية,quran-studies,9.5,,https://waqfeya.net/books/التفسير-القيم-للإمام-ابن-القيم-ت-الفقي-1718ceb217b943dda38a189a86b8ffc4
x,ok,جامع البيان عن تأويل آي القرآن = تفسير الطبري - ت: شاكر,jama albyan an tawyl ay alqran tfsyr altbry t shakr,Ibn Jarir al-Tabari,محمد بن جرير الطبري,quran-studies,13.1,,https://waqfeya.net/books/جامع-البيان-عن-تأويل-آي-القرآن-تفسير-الطبري-ت-شاكر-f04ed48e2f7b4cd0985934282f85a18f
x,ok,جامع البيان عن تأويل آي القرآن = تفسير الطبري - ت: التركي,jama albyan an tawyl ay alqran tfsyr altbry t altrky,Ibn Jarir al-Tabari,محمد بن جرير الطبري,quran-studies,17.9,,https://waqfeya.net/books/جامع-البيان-عن-تأويل-آي-القرآن-تفسير-الطبري-ت-التركي-d3521452cecd44759809dd9a2f3fc5a1
x,ok,تفسير آيات أشكلت على كثير من العلماء,tfsyr ayat ashklt aly kthyr mn alalma,Ibn Taymiyyah,ابن تيمية,quran-studies,10.6,,https://waqfeya.net/books/تفسير-آيات-أشكلت-على-كثير-من-العلماء-69a97aa74e5b4fc8aeb16b21625514f1
,review,زاد المسير في علم التفسير - ت: الأرناؤوط,zad almsyr fy alm altfsyr t alarnawwt,Ibn al-Jawzi,ابن الجوزي,quran-studies,7.9,,https://waqfeya.net/books/زاد-المسير-في-علم-التفسير-ت-الأرناؤوط-8ed6cbeb5e3d4f1d8b6fe8b3f5b4b8ca
x,ok,تفسير القرآن العظيم = تفسير ابن كثير - ط. قرطبة وأولاد الشيخ,tfsyr alqran alazym tfsyr abn kthyr t qrtbh wawlad alshykh,Ibn Kathir,ابن كثير,quran-studies,12.5,,https://waqfeya.net/books/تفسير-القرآن-العظيم-تفسير-ابن-كثير-ط-قرطبة-وأولاد-الشيخ-8f21def1b13741248742a44280d1a73f
,review,المهذب فيما وقع في القرآن من المعرب,almhdhb fyma wqa fy alqran mn almarb,al-Suyuti,السيوطي,quran-studies,5.1,,https://waqfeya.net/books/المهذب-فيما-وقع-في-القرآن-من-المعرب-6830e4d5fcc940938e5f01fbdd3eede2
,review,تذكرة الأريب في تفسير الغريب - ت البواب,tdhkrh alaryb fy tfsyr alghryb t albwab,Ibn al-Jawzi,ابن الجوزي,quran-studies,4.7,,https://waqfeya.net/books/تذكرة-الأريب-في-تفسير-الغريب--ت-البواب-2543b0da494148f681d851fb7fb45c69
x,ok,تفسير غريب القرآن - ابن قتيبة,tfsyr ghryb alqran abn qtybh,Ibn Qutaybah al-Dinawari,ابن قتيبة الدينوري,quran-studies,10.6,,https://waqfeya.net/books/تفسير-غريب-القرآن--ابن-قتيبة-02f16f93f87c4e8999475053a17a8d67
x,ok,تأويل مشكل القرآن - ت: صقر,tawyl mshkl alqran t sqr,Ibn Qutaybah al-Dinawari,ابن قتيبة الدينوري,quran-studies,11.4,,https://waqfeya.net/books/تأويل-مشكل-القرآن-ت-صقر-a2bf9cd85d9b4473abaf4427f54f5c72
,review,أسرار ترتيب القرآن - ط. الاعتصام,asrar trtyb alqran t alaatsam,al-Suyuti,السيوطي,quran-studies,3.3,,https://waqfeya.net/books/أسرار-ترتيب-القرآن-ط-الاعتصام-9f8bb48996fc4c95b95450d3c2b7e02f
,review,أسرار ترتيب القرآن - ط. الفضيلة,asrar trtyb alqran t alfdylh,al-Suyuti,السيوطي,quran-studies,3.4,,https://waqfeya.net/books/أسرار-ترتيب-القرآن-ط-الفضيلة-82243065b30444c7b9edd09d7aa15607
x,ok,حكاية المناظرة في القرآن مع بعض أهل البدعة,hkayh almnazrh fy alqran ma bad ahl albdah,Ibn Qudamah al-Maqdisi,ابن قدامة المقدسي,quran-studies,1.7,,https://waqfeya.net/books/حكاية-المناظرة-في-القرآن-مع-بعض-أهل-البدعة-57e4dd05215149f9b12efded5ce8a896
,review,التبيان في آداب حملة القرآن - ت: الكوشك,altbyan fy adab hmlh alqran t alkwshk,al-Nawawi,النووي,quran-studies,5.3,,https://waqfeya.net/books/التبيان-في-آداب-حملة-القرآن-ت-الكوشك-938111d7a4c243cc81981b7bad411494
,review,التبيان في آداب حملة القرآن - ط. المنهاج,altbyan fy adab hmlh alqran t almnhaj,al-Nawawi,النووي,quran-studies,4.9,,https://waqfeya.net/books/التبيان-في-آداب-حملة-القرآن-ط-المنهاج-14f281444f2c463cb9b2d3f62e4ac657
x,ok,الأمثال في القرآن,alamthal fy alqran,Ibn al-Qayyim,ابن قيم الجوزية,quran-studies,3.5,,https://waqfeya.net/books/الأمثال-في-القرآن-596a173765d84f37bc8385767d49d849
,review,الإتقان في علوم القرآن - ط. الأوقاف السعودية,alatqan fy alwm alqran t alawqaf alsawdyh,al-Suyuti,السيوطي,quran-studies,8,,https://waqfeya.net/books/الإتقان-في-علوم-القرآن-ط-الأوقاف-السعودية-78c758991032454c8799bf63c73915a8
x,ok,كيف يجب علينا أن نفسر القرآن الكريم - ط. المعارف,kyf yjb alyna an nfsr alqran alkrym t almaarf,Muhammad Nasir al-Din al-Albani,محمد ناصر الدين الألباني,quran-studies,0.9,,https://waqfeya.net/books/كيف-يجب-علينا-أن-نفسر-القرآن-الكريم-ae819e0bfb6b43829b406d3b6f78c466
,possible-dupe,المواهب الربانية من الآيات القرآنية,almwahb alrbanyh mn alayat alqranyh,Abd al-Rahman al-Sa'di,عبد الرحمن بن ناصر السعدي,quran-studies,4.8,,https://waqfeya.net/books/المواهب-الربانية-من-الآيات-القرآنية-355b0f6fea984477916abbac31606796
,review,التبيان في آداب حملة القرآن - ت: عيون,altbyan fy adab hmlh alqran t aywn,al-Nawawi,النووي,quran-studies,5,,https://waqfeya.net/books/التبيان-في-آداب-حملة-القرآن-ت-عيون-5c10f6d0effd414ba977071bba8108fa
x,ok,مختصر التبيين لهجاء التنزيل - ط. الأوقاف السعودية,mkhtsr altbyyn lhja altnzyl t alawqaf alsawdyh,Abu Dawud al-Sijistani,أبو داود السجستاني,quran-studies,22.6,,https://waqfeya.net/books/مختصر-التبيين-لهجاء-التنزيل-ط-الأوقاف-السعودية-47d5c026036a4bb5a6c3335d931ed459
,review,مراصد المطالع في تناسب المقاطع والمطالع,mrasd almtala fy tnasb almqata walmtala,al-Suyuti,السيوطي,quran-studies,1.6,,https://waqfeya.net/books/مراصد-المطالع-في-تناسب-المقاطع-والمطالع-3fe7c3f2e26d4090a6b683c634123dd7
,review,نواسخ القرآن - ت: المليباري - ط. 3,nwaskh alqran t almlybary t 3,Ibn al-Jawzi,ابن الجوزي,quran-studies,9.7,,https://waqfeya.net/books/نواسخ-القرآن-ت-المليباري-ط-3-1767b46542de449489daf0a05cdb0771
x,ok,الناسخ والمنسوخ في القرآن الكريم - الزهري,alnaskh walmnswkh fy alqran alkrym alzhry,Imam Muslim,مسلم بن الحجاج,quran-studies,1.9,,https://waqfeya.net/books/الناسخ-والمنسوخ-في-القرآن-الكريم-eb5d29550d4446b2829ff84a9b67ddd0
,review,نزهة الأعين النواظر في علم الوجوه والنظائر - ط. الرسالة,nzhh alaayn alnwazr fy alm alwjwh walnzayr t alrsalh,Ibn al-Jawzi,ابن الجوزي,quran-studies,7.7,,https://waqfeya.net/books/نزهة-الأعين-النواظر-في-علم-الوجوه-والنظائر-ط-الرسالة-7fbd9f37f7834d5299bb5f09a45f9631
,review,الإتقان في علوم القرآن - ط. الرسالة,alatqan fy alwm alqran t alrsalh,al-Suyuti,السيوطي,quran-studies,19.5,,https://waqfeya.net/books/الإتقان-في-علوم-القرآن-ط-الرسالة-5417116a2ff64c7d8a94bc564ed65d6d
x,ok,مناهج المفسرين القسم الأول التفسير في عصر الصحابة,mnahj almfsryn alqsm alawl altfsyr fy asr alshabh,Imam Muslim,مسلم بن الحجاج,quran-studies,2.5,,https://waqfeya.net/books/مناهج-المفسرين-القسم-الأول-التفسير-في-عصر-الصحابة-ea55435c7b654b299ab89867d61cf566
,review,أسباب النزول المسمى لباب النقول في أسباب النزول - السيوطي,asbab alnzwl almsmy lbab alnqwl fy asbab alnzwl alsywty,al-Suyuti,السيوطي,quran-studies,5.7,,https://waqfeya.net/books/أسباب-النزول-المسمى-لباب-النقول-في-أسباب-النزول-السيوطي-ac88eea2a83f4e0d99622c87373db75c
x,ok,أحكام القرآن الكريم,ahkam alqran alkrym,al-Tahawi,الطحاوي,quran-studies,9.3,,https://waqfeya.net/books/أحكام-القرآن-الكريم-d54ecc184ab744c3ba2a55389e68fbab
,review,العجاب في بيان الأسباب - أسباب النزول - ط دار ابن حزم,alajab fy byan alasbab asbab alnzwl t dar abn hzm,Ibn Hajar al-Asqalani,ابن حجر العسقلاني,quran-studies,8.3,,https://waqfeya.net/books/العجاب-في-بيان-الأسباب-أسباب-النزول-ط-دار-ابن-حزم-b22b88104db9408ebca15b05b7c1042f
,review,العجاب في بيان الأسباب - أسباب النزول - ط. دار ابن الجوزي,alajab fy byan alasbab asbab alnzwl t dar abn aljwzy,Ibn Hajar al-Asqalani,ابن حجر العسقلاني,quran-studies,22.8,,https://waqfeya.net/books/العجاب-في-بيان-الأسباب-أسباب-النزول-ط-دار-ابن-الجوزي-29e6330f87f0415b976dd7cdbdeabf1f
,review,الإكليل في استنباط التنزيل - ت: الغماري,alaklyl fy astnbat altnzyl t alghmary,al-Suyuti,السيوطي,quran-studies,6.3,,https://waqfeya.net/books/الإكليل-في-استنباط-التنزيل-ت-الغماري-cd3e29add256417ab90bd38eb4624a51
x,ok,اختصاص القرآن بعودة إلى الرحيم الرحمن,akhtsas alqran bawdh aly alrhym alrhmn,Abd al-Rahman al-Sa'di,عبد الرحمن بن ناصر السعدي,quran-studies,1,,https://waqfeya.net/books/اختصاص-القرآن-بعودة-إلى-الرحيم-الرحمن-516de1e3ee4c430f89b856de6f16ea35
x,ok,دفع إيهام الاضطراب عن آيات الكتاب - ط. ابن تيمية,dfa ayham aladtrab an ayat alktab t abn tymyh,Muhammad al-Amin al-Shinqiti,محمد الأمين الشنقيطي,quran-studies,6.5,,https://waqfeya.net/books/دفع-إيهام-الإضطراب-عن-آيات-الكتاب-ط-ابن-تيمية-b9fafb354fde484aba533166508d1c88
x,ok,منع جواز المجاز في المنزل للتعبد والإعجاز - ط. مجمع الفقه,mna jwaz almjaz fy almnzl lltabd walaajaz t mjma alfqh,Muhammad al-Amin al-Shinqiti,محمد الأمين الشنقيطي,quran-studies,0.9,,https://waqfeya.net/books/منع-جواز-المجاز-في-المنزل-للتعبد-والإعجاز-ط-مجمع-الفقه-eea8e7becb684fca965a97e224a6a59f
,review,التبيان في آداب حملة القرآن - ط. ابن حزم,altbyan fy adab hmlh alqran t abn hzm,al-Nawawi,النووي,quran-studies,3.3,,https://waqfeya.net/books/التبيان-في-آداب-حملة-القرآن-ط-ابن-حزم-b6490f8c80c04d35b64c5785fad00bae
,review,الإتقان في علوم القرآن - ط. الأوقاف السعودية - مجمع الملك فهد,alatqan fy alwm alqran t alawqaf alsawdyh mjma almlk fhd,al-Suyuti,السيوطي,quran-studies,45.3,,https://waqfeya.net/books/الإتقان-في-علوم-القرآن-ط-الأوقاف-السعوديةمجمع-الملك-فهد-9c0258e3a97d44ba9521e9ebe048a658
,review,الإتقان في علوم القرآن وبهامشه إعجاز القرآن - ط. المكتبة التجارية,alatqan fy alwm alqran wbhamshh aajaz alqran t almktbh altjaryh,al-Suyuti,السيوطي,quran-studies,9.6,,https://waqfeya.net/books/الإتقان-في-علوم-القرآن-وبهامشه-إعجاز-القرآن-ط-المكتبة-التجارية-b5944fc4ddef487bb540bc415d67b8b3
x,ok,مباحث في إعجاز القرآن,mbahth fy aajaz alqran,Imam Muslim,مسلم بن الحجاج,quran-studies,5.3,,https://waqfeya.net/books/مباحث-في-إعجاز-القرآن-049f2c1062db4e0cadb94640dfbccf61
,review,نواسخ القرآن - ط. 1,nwaskh alqran t 1,Ibn al-Jawzi,ابن الجوزي,quran-studies,9.8,,https://waqfeya.net/books/نواسخ-القرآن-ط-1-2221628657f3497a92dad04b3192ab96
x,ok,قصص الأنبياء - ت: عبد الواحد,qss alanbya t abd alwahd,Ibn Kathir,ابن كثير,quran-studies,12.3,,https://waqfeya.net/books/قصص-الأنبياء-ت-عبد-الواحد-9d00a9b10a8049e2a1149ff04cb78a6d
x,ok,كيف يجب علينا أن نفسر القرآن الكريم - ط. المكتبة الإسلامية,kyf yjb alyna an nfsr alqran alkrym t almktbh alaslamyh,Muhammad Nasir al-Din al-Albani,محمد ناصر الدين الألباني,quran-studies,1.1,,https://waqfeya.net/books/كيف-يجب-علينا-أن-نفسر-القرآن-الكريم-a10c707ee9c14e3eaea044628a9bcde2
x,ok,تأملات في أواخر سورة الأحزاب,tamlat fy awakhr swrh alahzab,Salih al-Fawzan,صالح بن فوزان الفوزان,quran-studies,1,,https://waqfeya.net/books/تأملات-في-أواخر-سورة-الأحزاب-951944a40caf436e9a14eaa44af74ce2
x,ok,التبيان في أيمان القرآن - ط. مجمع الفقه,altbyan fy ayman alqran t mjma alfqh,Ibn al-Qayyim,ابن قيم الجوزية,quran-studies,12.4,,https://waqfeya.net/books/التبيان-في-أيمان-القرآن-ط-مجمع-الفقه-16c61499421144129bf3e5c345abcfff
x,ok,قصص الأنبياء - ت: الفرماوي,qss alanbya t alfrmawy,Ibn Kathir,ابن كثير,quran-studies,12.8,,https://waqfeya.net/books/قصص-الأنبياء-ت-الفرماوي-c9c7ed1ad6b24df59c661d4d643f10ba
,review,تحفة النبلاء من قصص الأنبياء للإمام الحافظ ابن كثير,thfh alnbla mn qss alanbya llamam alhafz abn kthyr,Ibn Hajar al-Asqalani,ابن حجر العسقلاني,quran-studies,5.8,,https://waqfeya.net/books/تحفة-النبلاء-من-قصص-الأنبياء-للإمام-الحافظ-ابن-كثير-c714b9078e044a6495c16b820bacdcf4
,possible-dupe,فوائد مستنبطة من قصة يوسف عليه السلام,fwayd mstnbth mn qsh ywsf alyh alslam,Abd al-Rahman al-Sa'di,عبد الرحمن بن ناصر السعدي,quran-studies,1,,https://waqfeya.net/books/فوائد-مستنبطة-من-قصة-يوسف-عليه-السلام-06f9f759415546eeb41807fc67295cb0
x,ok,قاعدة في فضائل القرآن,qaadh fy fdayl alqran,Ibn Taymiyyah,ابن تيمية,quran-studies,1.6,,https://waqfeya.net/books/قاعدة-في-فضائل-القرآن-8090adbcc51443148bdf9425191cdde1
x,ok,فتوحات الرحمن شرح كتاب إن هذان لساحران,ftwhat alrhmn shrh ktab an hdhan lsahran,Ibn Taymiyyah,ابن تيمية,quran-studies,3.5,,https://waqfeya.net/books/فتوحات-الرحمن-شرح-كتاب-إن-هذان-لساحران-c7cfe83cad664d3781631779232aba77
x,ok,رسالة ابن تيمية في إن هذان لساحران,rsalh abn tymyh fy an hdhan lsahran,Ibn Taymiyyah,ابن تيمية,quran-studies,1.3,,https://waqfeya.net/books/رسالة-ابن-تيمية-في-إن-هذان-لساحران-4d5b8b57212f488d9e8e8f2b25296bfb
x,ok,تاريخ الأنبياء,tarykh alanbya,al-Khatib al-Baghdadi,الخطيب البغدادي,quran-studies,9.4,,https://waqfeya.net/books/تاريخ-الأنبياء-7c00abda87864e41aa8227882623ee95
x,ok,فضائل القرآن - ابن كثير - ت: الحويني,fdayl alqran abn kthyr t alhwyny,Ibn Kathir,ابن كثير,quran-studies,5.2,,https://waqfeya.net/books/فضائل-القرآن-ابن-كثير-ت-الحويني-f8f46edc2644403987d7f00d60b73b3c
x,ok,التلخيص في القراءات الثمان,altlkhys fy alqraat althman,Ibn Jarir al-Tabari,محمد بن جرير الطبري,quran-studies,7.3,,https://waqfeya.net/books/التلخيص-في-القراءات-الثمان-cf47644713914b4386cad5f50ac8050a
x,ok,كتاب المصاحف,ktab almsahf,Ibn Abi Dawud al-Sijistani,ابن أبي داود السجستاني,quran-studies,22.3,,https://waqfeya.net/books/كتاب-المصاحف-c77076b1e1a04f2bb61efef7fddb85bc
x,ok,جامع السنن سنن ابن ماجه - ت: هادي,jama alsnn snn abn majh t hady,Ibn Majah,ابن ماجه,hadith-studies,26.8,,https://waqfeya.net/books/جامع-السنن-سنن-ابن-ماجه--ت-هادي-66a0e39ab25d478490def14bc69757bd
x,ok,السنن سنن أبي داود - ت: هادي,alsnn snn aby dawd t hady,Abu Dawud al-Sijistani,أبو داود السجستاني,hadith-studies,31.1,,https://waqfeya.net/books/السنن-سنن-أبي-داود--ت-هادي-ce9b999cb8f04340802a766c00818bbc
x,ok,الجامع الكبير سنن الترمذي - ت: هادي,aljama alkbyr snn altrmdhy t hady,al-Tirmidhi,محمد بن عيسى الترمذي,hadith-studies,34.8,,https://waqfeya.net/books/الجامع-الكبير-سنن-الترمذي--ت-هادي-1e55b082866b4b5aa962cdf683a51432
x,ok,موطأ الإمام مالك رواية محمد بن الحسن الشيباني - ط. المجلس الأعلى,mwta alamam malk rwayh mhmd bn alhsn alshybany t almjls alaaly,Imam Malik ibn Anas,مالك بن أنس,hadith-studies,7.3,,https://waqfeya.net/books/موطأ-الإمام-مالك-رواية-محمد-بن-الحسن-الشيباني--ط-المجلس-الأعلى-99d9227f082a4c4b841b41ae7618466a
x,ok,صحيح البخاري - ط ليدن,shyh albkhary t lydn,Imam al-Bukhari,محمد بن إسماعيل البخاري,hadith-studies,28.7,,https://waqfeya.net/books/صحيح-البخاري--ط-ليدن-7303b30ee8f349a793bdf21d936305b1
x,ok,الجامع المسند الصحيح المختصر = صحيح البخاري - ط. بيت السنة,aljama almsnd alshyh almkhtsr shyh albkhary t byt alsnh,Imam al-Bukhari,محمد بن إسماعيل البخاري,hadith-studies,20.7,,https://waqfeya.net/books/صحيح-2f800d13c8e8462299f11e9549c98195
,possible-dupe,تهذيب سنن أبي داود وإيضاح علله ومشكلاته,thdhyb snn aby dawd waydah allh wmshklath,Ibn al-Qayyim,ابن قيم الجوزية,hadith-studies,11.6,,https://waqfeya.net/books/تهذيب-سنن-أبي-داود-وإيضاح-علله-ومشكلاته-c022cb0ecf7b46c9a12563b22edf3e30
x,ok,صحيح مسلم - ط. العامرة - تركيا - مرقمة، تصوير دار المودة,shyh mslm t alaamrh trkya mrqmh tswyr dar almwdh,Imam Muslim,مسلم بن الحجاج,hadith-studies,11,,https://waqfeya.net/books/صحيح-مسلم--ط-العامرة-تصوير-دار-المودة-f23ec04866cb48a9bf7b6f230e106cb3
,review,فتح الباري بشرح صحيح البخاري - ت: الأرناؤوط,fth albary bshrh shyh albkhary t alarnawwt,Ibn Hajar al-Asqalani,ابن حجر العسقلاني,hadith-studies,15.9,,https://waqfeya.net/books/فتح-الباري-بشرح-صحيح-البخاري-ت-الأرناؤوط-f92100d31b4c434d984475b44fe94012
x,ok,صحيح البخاري - ط. التأصيل,shyh albkhary t altasyl,Imam al-Bukhari,محمد بن إسماعيل البخاري,hadith-studies,13.3,,https://waqfeya.net/books/صحيح-البخاري-ط-التأصيل-5cf9cc05eed94bf1bf4936952e4e5bdf
x,ok,صحيح مسلم - ط. التأصيل,shyh mslm t altasyl,Imam Muslim,مسلم بن الحجاج,hadith-studies,12.2,,https://waqfeya.net/books/صحيح-مسلم-ط-التأصيل-588e0d28e9864226a248691620299df9
x,ok,السنن - سنن أبي داود - ط. التأصيل,alsnn snn aby dawd t altasyl,Abu Dawud al-Sijistani,أبو داود السجستاني,hadith-studies,14.7,,https://waqfeya.net/books/السنن-سنن-أبي-داود-ط-التأصيل-7ab50f4b726b439c8aa82301e4151bef
x,ok,سنن الترمذي وهو الجامع الكبير - ط. التأصيل,snn altrmdhy whw aljama alkbyr t altasyl,al-Tirmidhi,محمد بن عيسى الترمذي,hadith-studies,11.3,,https://waqfeya.net/books/سنن-الترمذي-وهو-الجامع-الكبير-ط-التأصيل-ad4c9f2738b24018b11fa34dee3917bd
x,ok,كتاب السنن المعروف بالسنن الكبرى = سنن النسائي الكبرى - ط. التأصيل,ktab alsnn almarwf balsnn alkbry snn alnsayy alkbry t altasyl,al-Nasa'i,أحمد بن شعيب النسائي,hadith-studies,17.7,,https://waqfeya.net/books/كتاب-السنن-المعروف-بالسنن-الكبرى-سنن-النسائي-الكبرى-ط-التأصيل-70e3c2025d6a4f039105df38cc3ffeb6
x,ok,السنن الصغرى كتاب المجتبى = سنن النسائي الصغرى - ط. التأصيل,alsnn alsghry ktab almjtby snn alnsayy alsghry t altasyl,al-Nasa'i,أحمد بن شعيب النسائي,hadith-studies,12.6,,https://waqfeya.net/books/السنن-الصغرى-كتاب-المجتبى-سنن-النسائي-الصغرى-ط-التأصيل-0bb554561768461a8876916e4d8cbbf2
x,ok,السنن = سنن ابن ماجه - ط. التأصيل,alsnn snn abn majh t altasyl,Ibn Majah,ابن ماجه,hadith-studies,12.3,,https://waqfeya.net/books/السنن-سنن-ابن-ماجه-ط-التأصيل-87ecdaeea0eb44bab9fc5f137e3b5eaf
,review,سنن النسائي بشرح السيوطي وحاشية السندي - ط. المعرفة,snn alnsayy bshrh alsywty whashyh alsndy t almarfh,al-Suyuti,السيوطي,hadith-studies,15.3,,https://waqfeya.net/books/سنن-النسائي-بشرح-السيوطي-وحاشية-السندي-ط-المعرفة-ad072904a09e472bbebf954871dad505
x,ok,صحيح البخاري - ط. دار الشعب,shyh albkhary t dar alshab,Imam al-Bukhari,محمد بن إسماعيل البخاري,hadith-studies,12,,https://waqfeya.net/books/صحيح-البخاري-ط-دار-الشعب-209bfe2f1a9c45fb9b27cfe97f084eab
,review,النكت على صحيح البخاري ويليه التجريد على التنقيح,alnkt aly shyh albkhary wylyh altjryd aly altnqyh,Ibn Hajar al-Asqalani,ابن حجر العسقلاني,hadith-studies,6.8,,https://waqfeya.net/books/النكت-على-صحيح-البخاري-ويليه-التجريد-على-التنقيح-4ef30983a7da4229aa28fb97eca9873a
x,ok,الأجوبة عن المسائل المستغربة من كتاب البخاري,alajwbh an almsayl almstghrbh mn ktab albkhary,Ibn Abd al-Barr,ابن عبد البر,hadith-studies,6.6,,https://waqfeya.net/books/الأجوبة-عن-المسائل-المستغربة-من-كتاب-البخاري-bc09b59e2f264af699896417c759a65c
,review,اختصار صحيح البخاري وبيان غريبه,akhtsar shyh albkhary wbyan ghrybh,al-Qurtubi,القرطبي,hadith-studies,8.9,,https://waqfeya.net/books/اختصار-صحيح-البخاري-وبيان-غريبه-1dd16710419746f6a9e6296a4a8eefdf
x,ok,شرح أبواب من صحيح البخاري ويليه شرح أبواب من جامع الترمذي,shrh abwab mn shyh albkhary wylyh shrh abwab mn jama altrmdhy,Ibn Rajab al-Hanbali,ابن رجب الحنبلي,hadith-studies,3.2,1439,https://waqfeya.net/books/شرح-أبواب-من-صحيح-البخاري-ويليه-شرح-أبواب-من-جامع-الترمذي-134fdc8292da4626b6edace588bb97cd
x,ok,سنن ابن ماجه - ت: ابن أبي علفة,snn abn majh t abn aby alfh,Ibn Majah,ابن ماجه,hadith-studies,22.8,,https://waqfeya.net/books/سنن-ابن-ماجه-ت-ابن-أبي-علفة-27dac9725a544fd58fb451cecab6604b
x,ok,سنن النسائي - ت: ابن أبي علفة,snn alnsayy t abn aby alfh,al-Nasa'i,أحمد بن شعيب النسائي,hadith-studies,27.4,,https://waqfeya.net/books/سنن-النسائي-ت-ابن-أبي-علفة-5171f6a1db8c454aa03b806b01cd6f4d
x,ok,سنن الترمذي - ت: ابن أبي علفة,snn altrmdhy t abn aby alfh,al-Tirmidhi,محمد بن عيسى الترمذي,hadith-studies,26.4,,https://waqfeya.net/books/سنن-الترمذي-ت-ابن-أبي-علفة-2a3c0cbf615a471a8976691a32d0aebc
x,ok,سنن أبي داود - ت: ابن أبي علفة,snn aby dawd t abn aby alfh,Abu Dawud al-Sijistani,أبو داود السجستاني,hadith-studies,25,,https://waqfeya.net/books/سنن-أبي-داود-ت-ابن-أبي-علفة-947d95f8b7884c12bb31ee1d7bde80c6
x,ok,صحيح مسلم - ت: ابن أبي علفة,shyh mslm t abn aby alfh,Imam Muslim,مسلم بن الحجاج,hadith-studies,36,,https://waqfeya.net/books/صحيح-مسلم-ت-ابن-أبي-علفة-20a9e9ba66834203885bee2b99120cb6
x,ok,صحيح البخاري - ت: ابن أبي علفة,shyh albkhary t abn aby alfh,Imam al-Bukhari,محمد بن إسماعيل البخاري,hadith-studies,38.2,,https://waqfeya.net/books/صحيح-البخاري-ت-ابن-أبي-علفة-23c122c362bb426e9a3ce69094cde087
x,ok,سنن ابن ماجه - ط. الأوقاف السعودية,snn abn majh t alawqaf alsawdyh,Ibn Majah,ابن ماجه,hadith-studies,20.7,,https://waqfeya.net/books/سنن-ابن-ماجه-ط-الأوقاف-السعودية-c42df4aa9dc845b49a2f2f304fd30ca4
x,ok,سنن أبي داود - ط. الأوقاف السعودية,snn aby dawd t alawqaf alsawdyh,Abu Dawud al-Sijistani,أبو داود السجستاني,hadith-studies,26.1,,https://waqfeya.net/books/سنن-أبي-داود-ط-الأوقاف-السعودية-360d92311360464f940713cc132d9663
x,ok,جامع الترمذي = سنن الترمذي - ط. الأوقاف السعودية,jama altrmdhy snn altrmdhy t alawqaf alsawdyh,al-Tirmidhi,محمد بن عيسى الترمذي,hadith-studies,29,,https://waqfeya.net/books/جامع-الترمذي-سنن-الترمذي-ط-الأوقاف-السعودية-173c04b04f654787b3c8d7aedc38f7ab
x,ok,سنن النسائي الصغرى = المجتبى من السنن - ط. الأوقاف السعودية,snn alnsayy alsghry almjtby mn alsnn t alawqaf alsawdyh,al-Nasa'i,أحمد بن شعيب النسائي,hadith-studies,27,,https://waqfeya.net/books/سنن-النسائي-الصغرى-المجتبى-من-السنن-ط-الأوقاف-السعودية-ccf8839d533b44fa9f1ac2cfd3d4b085
x,ok,صحيح مسلم - ط. الأوقاف السعودية,shyh mslm t alawqaf alsawdyh,Imam Muslim,مسلم بن الحجاج,hadith-studies,46.8,,https://waqfeya.net/books/صحيح-مسلم-ط-الأوقاف-السعودية-4d266cfa59bd4d45a999a65184679a5b
x,ok,صحيح البخاري - ط. الأوقاف السعودية,shyh albkhary t alawqaf alsawdyh,Imam al-Bukhari,محمد بن إسماعيل البخاري,hadith-studies,38.7,,https://waqfeya.net/books/صحيح-البخاري-ط-الأوقاف-السعودية-6741e411b4124528b44ba63ae3c6e91d
x,ok,جامع الترمذي مع شمائل الترمذي محشى بحواشي,jama altrmdhy ma shmayl altrmdhy mhshy bhwashy,al-Tirmidhi,محمد بن عيسى الترمذي,hadith-studies,115.6,,https://waqfeya.net/books/جامع-الترمذي-مع-شمائل-الترمذي-محشى-بحواشي-6ab8b10b0a784710bf288c76be3b7443
x,ok,الحلل الإبريزية من التعليقات البازية على صحيح البخاري,alhll alabryzyh mn altalyqat albazyh aly shyh albkhary,Abd al-Aziz ibn Baz,عبد العزيز بن باز,hadith-studies,9.3,,https://waqfeya.net/books/الحلل-الإبريزية-من-التعليقات-البازية-على-صحيح-البخاري-53de72c3b89340878fd66a1d0cb19345
x,ok,صحيح البخاري - ط. العامرة - تركيا,shyh albkhary t alaamrh trkya,Imam al-Bukhari,محمد بن إسماعيل البخاري,hadith-studies,7.6,,https://waqfeya.net/books/صحيح-البخاري-ط-العامرة--تركيا-24de9fead1844698865cdb2f93ae55ca
x,ok,سنن أبي داود - ت: الخالدي,snn aby dawd t alkhaldy,Abu Dawud al-Sijistani,أبو داود السجستاني,hadith-studies,12.1,,https://waqfeya.net/books/سنن-أبي-داود-ت-الخالدي-f78540ed32624953b6780a582c946a79
,review,التلخيص شرح الجامع الصحيح للبخاري,altlkhys shrh aljama alshyh llbkhary,al-Nawawi,النووي,hadith-studies,14.2,,https://waqfeya.net/books/التلخيص-شرح-الجامع-الصحيح-للبخاري-5fc189e436b245548db8a1207e6047a9
,review,فتح الباري بشرح صحيح البخاري - ط. البهية,fth albary bshrh shyh albkhary t albhyh,Ibn Hajar al-Asqalani,ابن حجر العسقلاني,hadith-studies,28.3,,https://waqfeya.net/books/فتح-الباري-بشرح-صحيح-البخاري-ط-البهية-ad46c54d2a694026a8176fb0b7460e58
x,ok,شرح صحيح البخاري,shrh shyh albkhary,Muhammad ibn Salih al-Uthaymin,محمد بن صالح العثيمين,hadith-studies,16.6,,https://waqfeya.net/books/شرح-صحيح-البخاري-1650869e3e99418ea16e8de3fe998c68
x,ok,السنن وبحاشيته مصباح الزجاجة في زوائد ابن ماجه - سنن ابن ماجه - ت: الألباني والحلبي,alsnn wbhashyth msbah alzjajh fy zwayd abn majh snn abn majh t alalbany walhlby,Ibn Majah,ابن ماجه,hadith-studies,8.9,,https://waqfeya.net/books/السنن-وبحاشيته-مصباح-الزجاجة-في-زوائد-ابن-ماجه--سنن-ابن-ماجه--ت-الألباني-والحلبي-7c18efe5d56444538a4f95aee5ad57ad
,review,فتح الباري شرح صحيح البخاري - ط. السلفية - ط. 1,fth albary shrh shyh albkhary t alslfyh t 1,Ibn Hajar al-Asqalani,ابن حجر العسقلاني,hadith-studies,26.4,,https://waqfeya.net/books/فتح-الباري-شرح-صحيح-البخاري-ط-السلفية-ط-1-89cbc6b0946f4b45ae09df464eaef102
x,ok,صحيح البخاري - ت: البغا,shyh albkhary t albgha,Imam al-Bukhari,محمد بن إسماعيل البخاري,hadith-studies,61,,https://waqfeya.net/books/صحيح-البخاري-ت-البغا-18005d589f434d43a512a49b84c0ba88
x,ok,كوثر المعاني الدراري في كشف خبايا صحيح البخاري,kwthr almaany aldrary fy kshf khbaya shyh albkhary,Muhammad al-Amin al-Shinqiti,محمد الأمين الشنقيطي,hadith-studies,9.6,,https://waqfeya.net/books/كوثر-المعاني-الدراري-في-كشف-خبايا-صحيح-البخاري-f3651da1e3a741ca9801abbaf157ee77
x,ok,السنن الكبرى = سنن النسائي الكبرى - ط. أوقاف قطر والتأصيل,alsnn alkbry snn alnsayy alkbry t awqaf qtr waltasyl,al-Nasa'i,أحمد بن شعيب النسائي,hadith-studies,13.5,,https://waqfeya.net/books/السنن-الكبرى-سنن-النسائي-الكبرى-ط-أوقاف-قطر-والتأصيل-07f85c679df641368416b25f936296bb
x,ok,الإغاثة في مرويات العبادلة في الكتب الثلاثة الموطأ والبخاري ومسلم,alaghathh fy mrwyat alabadlh fy alktb althlathh almwta walbkhary wmslm,Muhammad al-Amin al-Shinqiti,محمد الأمين الشنقيطي,hadith-studies,3.1,,https://waqfeya.net/books/الإغاثة-في-مرويات-العبادلة-في-الكتب-الثلاثة-الموطأ-والبخاري-ومسلم-5b2febdd7a07408cabd05a39d5fc296b
,review,قوت المغتذي على جامع الترمذي,qwt almghtdhy aly jama altrmdhy,al-Suyuti,السيوطي,hadith-studies,22.8,,https://waqfeya.net/books/قوت-المغتذي-على-جامع-الترمذي-3a22da9c39a1444ba8f2353fd4bd007b
,review,فتح الباري بشرح صحيح البخاري - ط. الريان,fth albary bshrh shyh albkhary t alryan,Ibn Hajar al-Asqalani,ابن حجر العسقلاني,hadith-studies,21.4,,https://waqfeya.net/books/فتح-الباري-بشرح-صحيح-البخاري-ط-الريان-47b2a67df6b34e5f9d74fb6b8bf7dd32
x,ok,فتح الباري في شرح صحيح البخاري - ت: عوض الله - ط. ابن الجوزي,fth albary fy shrh shyh albkhary t awd allh t abn aljwzy,Ibn Rajab al-Hanbali,ابن رجب الحنبلي,hadith-studies,11.1,,https://waqfeya.net/books/فتح-الباري-في-شرح-صحيح-البخاري-ت-عوض-الله-ط-ابن-الجوزي-14fcde18436647c69e906f93ea467643
,review,فتح الباري بشرح صحيح البخاري - ت: شيبة الحمد,fth albary bshrh shyh albkhary t shybh alhmd,Ibn Hajar al-Asqalani,ابن حجر العسقلاني,hadith-studies,20.4,,https://waqfeya.net/books/فتح-الباري-بشرح-صحيح-البخاري-ت-شيبة-الحمد-f583b498a4644c62824b16fc5824fff5
x,ok,صحيح البخاري - ط. الأفكار,shyh albkhary t alafkar,Imam al-Bukhari,محمد بن إسماعيل البخاري,hadith-studies,55.4,,https://waqfeya.net/books/صحيح-البخاري-ط-الأفكار-bc1eab2741b746fca5531f69a651bc89
x,ok,صحيح مسلم، وصيانة صحيح مسلم، وعلل أحاديث في كتاب الصحيح - ط. الأفكار,shyh mslm wsyanh shyh mslm wall ahadyth fy ktab alshyh t alafkar,Imam Muslim,مسلم بن الحجاج,hadith-studies,43.6,,https://waqfeya.net/books/صحيح-مسلم-وصيانة-صحيح-مسلم-وعلل-أحاديث-في-كتاب-الصحيح-ط-الأفكار-84dd08a0c46f471ea58bda80fe84f047
x,ok,سنن أبي داود - ط. الأفكار,snn aby dawd t alafkar,Abu Dawud al-Sijistani,أبو داود السجستاني,hadith-studies,27.1,,https://waqfeya.net/books/سنن-أبي-داود-ط-الأفكار-62b45b4d81704c8794decea85a924b9c
x,ok,جامع الترمذي = سنن الترمذي - ط. الأفكار,jama altrmdhy snn altrmdhy t alafkar,al-Tirmidhi,محمد بن عيسى الترمذي,hadith-studies,23.1,,https://waqfeya.net/books/جامع-الترمذي-سنن-الترمذي-ط-الأفكار-0f02c1074be347a1b5acfdf025268700
x,ok,سنن النسائي - ط. الأفكار,snn alnsayy t alafkar,al-Nasa'i,أحمد بن شعيب النسائي,hadith-studies,26.8,,https://waqfeya.net/books/سنن-النسائي-ط-الأفكار-218dcf651984455a98ec2c452e24f3a2
x,ok,سنن ابن ماجه = سنن ابن ماجة - ط. الأفكار,snn abn majh snn abn majh t alafkar,Ibn Majah,ابن ماجه,hadith-studies,18.4,,https://waqfeya.net/books/سنن-ابن-ماجه-سنن-ابن-ماجة-ط-الأفكار-13e0aba15694465c9b873e91e5805696
x,ok,صحيح البخاري - ت: العطار,shyh albkhary t alatar,Imam al-Bukhari,محمد بن إسماعيل البخاري,hadith-studies,57.3,,https://waqfeya.net/books/صحيح-البخاري-ت-العطار-ac9822b96e4e4b3ebf3e7de897f41f8d
x,ok,صحيح مسلم - ت: العطار,shyh mslm t alatar,Imam Muslim,مسلم بن الحجاج,hadith-studies,50.6,,https://waqfeya.net/books/صحيح-مسلم-ت-العطار-fcd5a401f75941659fb18580a812a6a3
x,ok,سنن أبي داود، وبهامشه فوائد وشروح فقهية ولغوية مختارة من كتاب معالم السنن للإمام الخطابي - ت: العطار,snn aby dawd wbhamshh fwayd wshrwh fqhyh wlghwyh mkhtarh mn ktab maalm alsnn llamam alkhtaby t alatar,Abu Dawud al-Sijistani,أبو داود السجستاني,hadith-studies,28.2,,https://waqfeya.net/books/سنن-أبي-داود-وبهامشه-فوائد-وشروح-فقهية-ولغوية-مختارة-من-كتاب-معالم-السنن-للإمام-الخطابي-ت-العطار-38f8329ff3e442e6a356db70ed7e3d07
x,ok,سنن الترمذي - ت: العطار,snn altrmdhy t alatar,al-Tirmidhi,محمد بن عيسى الترمذي,hadith-studies,29.1,,https://waqfeya.net/books/سنن-الترمذي-ت-العطار-b538659db91146a398f3bbed769b15c6
x,ok,سنن ابن ماجه وبهامشه حاشية السندي ومصباح الزجاجة - ت: العطار,snn abn majh wbhamshh hashyh alsndy wmsbah alzjajh t alatar,Ibn Majah,ابن ماجه,hadith-studies,25.4,,https://waqfeya.net/books/سنن-ابن-ماجه-وبهامشه-حاشية-السندي-ومصباح-الزجاجة--ت-العطار-58d2ca5651e049ba8fa37ce252a5ae59
,possible-dupe,السنن = سنن ابن ماجه - ت: الأرناؤوط,alsnn snn abn majh t alarnawwt,Ibn Majah,ابن ماجه,hadith-studies,10.7,,https://waqfeya.net/books/السنن--سنن-ابن-ماجه--ت-الأرناؤوط-460db51aefc34b17a0863982b58036c0
,review,الإيجاز في شرح سنن أبي داود السجستاني,alayjaz fy shrh snn aby dawd alsjstany,al-Nawawi,النووي,hadith-studies,7.7,,https://waqfeya.net/books/الإيجاز-في-شرح-سنن-أبي-داود-السجستاني-65c66698d9e04ac08cbae0b71e528ad1
,dupe-internal,خصائص أمير المؤمنين علي بن أبي طالب رضي الله عنه,khsays amyr almwmnyn aly bn aby talb rdy allh anh,al-Nasa'i,أحمد بن شعيب النسائي,hadith-studies,2.3,,https://waqfeya.net/books/خصائص-أمير-المؤمنين-علي-بن-أبي-طالب-رضي-الله-عنه-c1012ac219c347af9db3515c65faec48
x,ok,خصائص أمير المؤمنين علي بن أبي طالب رضي الله عنه,khsays amyr almwmnyn aly bn aby talb rdy allh anh,al-Nasa'i,أحمد بن شعيب النسائي,hadith-studies,4.6,,https://waqfeya.net/books/خصائص-أمير-المؤمنين-علي-بن-أبي-طالب-رضي-الله-عنه-4dc80576eacd41bcacccabf27e6d471b
,possible-dupe,سنن أبي داود - ت: عبد الحميد,snn aby dawd t abd alhmyd,Abu Dawud al-Sijistani,أبو داود السجستاني,hadith-studies,8.2,,https://waqfeya.net/books/سنن-أبي-داود-ت-عبد-الحميد-51e03e330fe14c6fb33725b650deeaa1
x,ok,صحيح البخاري - ط. طوق النجاة - عن الطبعة الأميرية نسخة اليونيني بروايات الأصيلي وأبي ذر الهروي والسجزي وابن عساكر معزواً إلى تحفة الأشراف وفتح الباري وتغليق التعليق وعمدة القاري وإرشاد الساري,shyh albkhary t twq alnjah an altbah alamyryh nskhh alywnyny brwayat alasyly waby dhr alhrwy walsjzy wabn asakr mazwa aly thfh alashraf wfth albary wtghlyq altalyq wamdh alqary warshad alsary,Imam al-Bukhari,محمد بن إسماعيل البخاري,hadith-studies,10.3,,https://waqfeya.net/books/صحيح-البخاري-ط-طوق-النجاة-عن-الطبعة-الأميرية-نسخة-اليونيني-بروايات-الأصيلي-وأبي-ذر-الهروي-والسجزي-وابن-عساكر-معزوا-إلى-تحفة-الأشراف-وفتح-الباري-وتغليق-التعليق-وعمدة-القاري-وإرشاد-الساري-3713fa9fd45b4404973818d99e232837
,possible-dupe,سنن أبي داود - ت: الأرناؤوط,snn aby dawd t alarnawwt,Abu Dawud al-Sijistani,أبو داود السجستاني,hadith-studies,12.8,,https://waqfeya.net/books/سنن-أبي-داود-ت-الأرناؤوط--8b93162b8c2e4ae9ad06a6899cd293fa
x,ok,صحيح سنن أبي داود - ضعيف سنن أبي داود - الكتاب الأم,shyh snn aby dawd dayf snn aby dawd alktab alam,Muhammad Nasir al-Din al-Albani,محمد ناصر الدين الألباني,hadith-studies,12.4,,https://waqfeya.net/books/صحيح-سنن-أبي-داود--ضعيف-سنن-أبي-داود-الكتاب-الأم-90e8a405e8ff4ae3a958383fec1a6306
x,ok,صحيح مسلم - ط. الحلبي - ت: عبد الباقي,shyh mslm t alhlby t abd albaqy,Imam Muslim,مسلم بن الحجاج,hadith-studies,57.4,,https://waqfeya.net/books/صحيح-مسلم-ط-الحلبي-ت-عبد-الباقي-3653da53b173472aa2390ff462cd7df2
x,ok,تهذيب السنن - ط. المعارف,thdhyb alsnn t almaarf,Ibn al-Qayyim,ابن قيم الجوزية,hadith-studies,35.2,,https://waqfeya.net/books/تهذيب-السنن-ط-المعارف-5ee8b644102645fb8850e6f1308de10b
x,ok,عون الباري لحل أدلة البخاري - ط. الرشيد,awn albary lhl adlh albkhary t alrshyd,Siddiq Hasan Khan,صديق حسن خان,hadith-studies,17.4,,https://waqfeya.net/books/عون-الباري-لحل-أدلة-البخاري-ط-الرشيد-a17c7e39d5d9437aa926b1c5911280aa
,review,سنن النسائي بشرح الحافظ جلال الدين السيوطي وحاشية الإمام السندي - رقمه أبو غدة,snn alnsayy bshrh alhafz jlal aldyn alsywty whashyh alamam alsndy rqmh abw ghdh,al-Suyuti,السيوطي,hadith-studies,7,,https://waqfeya.net/books/سنن-النسائي-بشرح-الحافظ-جلال-الدين-السيوطي-وحاشية-الإمام-السندي-ترقيم-أبو-غدة-0db0e7f6c78b437bba758ec97425a394
x,ok,عون المعبود على شرح سنن أبي داود - ط. دار ابن حزم,awn almabwd aly shrh snn aby dawd t dar abn hzm,al-Azim Abadi,العظيم آبادي,hadith-studies,75.5,,https://waqfeya.net/books/عون-المعبود-على-شرح-سنن-أبي-داود-ط-دار-ابن-حزم-371b7672ff874c65b9f4c67e63d7973a
,possible-dupe,شروح سنن ابن ماجه - ط. بيت الأفكار,shrwh snn abn majh t byt alafkar,al-Suyuti,السيوطي,hadith-studies,46.8,,https://waqfeya.net/books/شروح-سنن-ابن-ماجه--ط-بيت-الأفكار-0ae4ccb5bea042b2a8612403850ca010
x,ok,تحفة الأحوذي شرح جامع الترمذي - ط. بيت الأفكار,thfh alahwdhy shrh jama altrmdhy t byt alafkar,Abd al-Rahman al-Mubarakpuri,عبد الرحمن المباركفوري,hadith-studies,101.3,,https://waqfeya.net/books/تحفة-الأحوذي-شرح-جامع-الترمذي-ط-بيت-الأفكار-d331c8e0c049436db05dcf43ff5e4590
,review,المنهاج في شرح صحيح مسلم بن الحجاج = صحيح مسلم بشرح النووي - ط. بيت الأفكار,almnhaj fy shrh shyh mslm bn alhjaj shyh mslm bshrh alnwwy t byt alafkar,al-Nawawi,النووي,hadith-studies,69.8,,https://waqfeya.net/books/المنهاج-في-شرح-صحيح-مسلم-بن-الحجاج-صحيح-مسلم-بشرح-النووي-ط-بيت-الأفكار-1de7e3d5582c43ce8660689cccb77e3b
,review,فتح الباري بشرح صحيح البخاري - ط. بيت الأفكار,fth albary bshrh shyh albkhary t byt alafkar,Ibn Hajar al-Asqalani,ابن حجر العسقلاني,hadith-studies,147.3,,https://waqfeya.net/books/فتح-الباري-بشرح-صحيح-البخاري-ط-بيت-الأفكار-4c2fac0a6809455a9e29ad54d2cb555e
,review,المنهاج في شرح صحيح مسلم بن الحجاج = صحيح مسلم بشرح النووي- ط قرطبة,almnhaj fy shrh shyh mslm bn alhjaj shyh mslm bshrh alnwwy t qrtbh,al-Nawawi,النووي,hadith-studies,7.4,,https://waqfeya.net/books/المنهاج-في-شرح-صحيح-مسلم-بن-الحجاج-صحيح-مسلم-بشرح-النووي-ط-قرطبة-c55274bf0b25457bb5f804af7e80adbb
x,ok,صحيح البخاري - ت: علوش - معتمداً على ط. السلطانية,shyh albkhary t alwsh matmda aly t alsltanyh,Imam al-Bukhari,محمد بن إسماعيل البخاري,hadith-studies,40.8,,https://waqfeya.net/books/صحيح-البخاري-ت-علوش-معتمدا-على-ط-السلطانية-94b272065a264db58eccfbaf75cb5095
x,ok,صحيح البخاري - ط. دار ابن كثير,shyh albkhary t dar abn kthyr,Imam al-Bukhari,محمد بن إسماعيل البخاري,hadith-studies,43.2,,https://waqfeya.net/books/صحيح-البخاري-ط-دار-ابن-كثير-8d2af75b06fd49198d9e3a2d1f61f4f1
,possible-dupe,سنن أبي داود مع حاشيته عون المعبود - ط. الهند,snn aby dawd ma hashyth awn almabwd t alhnd,al-Azim Abadi,العظيم آبادي,hadith-studies,40.5,,https://waqfeya.net/books/سنن-أبي-داود-مع-حاشيته-عون-المعبود-ط-الهند-c20d14250b4946858c2f634b49086757
x,ok,العدة حاشية الصنعاني على إحكام الأحكام على شرح عمدة الأحكام,aladh hashyh alsnaany aly ahkam alahkam aly shrh amdh alahkam,al-San'ani,الصنعاني,hadith-studies,15.9,,https://waqfeya.net/books/العدة-حاشية-الصنعاني-على-إحكام-الأحكام-على-شرح-عمدة-الأحكام-b59c60be1035476ebd3c89922999cf1e
x,ok,كتاب السنن = سنن أبي داود - ت: عوامة,ktab alsnn snn aby dawd t awamh,Abu Dawud al-Sijistani,أبو داود السجستاني,hadith-studies,8.8,,https://waqfeya.net/books/كتاب-السنن-سنن-أبي-داود-ت-عوامة-2d81140362e74bf38e2380237cc4bcdf
x,ok,سنن الترمذي = الجامع الكبير - ت: معروف,snn altrmdhy aljama alkbyr t marwf,al-Tirmidhi,محمد بن عيسى الترمذي,hadith-studies,10.2,,https://waqfeya.net/books/سنن-الترمذي-الجامع-الكبير-ت-معروف-b46449c49646479c944f598bf5112113
x,ok,صحيح مسلم - ط. طيبة,shyh mslm t tybh,Imam Muslim,مسلم بن الحجاج,hadith-studies,38.5,,https://waqfeya.net/books/صحيح-مسلم-ط-طيبة-e9d64a2031be42adad617cf253992a7a
x,ok,منة المنعم في شرح صحيح مسلم,mnh almnam fy shrh shyh mslm,Abd al-Rahman al-Mubarakpuri,عبد الرحمن المباركفوري,hadith-studies,14.3,,https://waqfeya.net/books/منة-المنعم-في-شرح-صحيح-مسلم-5222d4b14beb413cb2e93d587be8f551
x,ok,صحيح سنن ابن ماجه - ضعيف سنن ابن ماجه,shyh snn abn majh dayf snn abn majh,Muhammad Nasir al-Din al-Albani,محمد ناصر الدين الألباني,hadith-studies,7.8,,https://waqfeya.net/books/صحيح-سنن-ابن-ماجه-سنن-ابن-ماجة--ضعيف-سنن-ابن-ماجه-سنن-ابن-ماجة-705f9ac89f4543df9bbcd258909cf8b6
x,ok,صحيح سنن أبي داود - ضعيف سنن أبي داود,shyh snn aby dawd dayf snn aby dawd,Muhammad Nasir al-Din al-Albani,محمد ناصر الدين الألباني,hadith-studies,8.8,,https://waqfeya.net/books/صحيح-سنن-أبي-داود--ضعيف-سنن-أبي-داود-0e07d762872b42f09cab895e81a25d67
x,ok,صحيح سنن الترمذي - ضعيف سنن الترمذي,shyh snn altrmdhy dayf snn altrmdhy,Muhammad Nasir al-Din al-Albani,محمد ناصر الدين الألباني,hadith-studies,11.2,,https://waqfeya.net/books/صحيح-سنن-الترمذي--ضعيف-سنن-الترمذي-69fd40f7271e4532944d1be15d51b265
x,ok,صحيح سنن النسائي - ضعيف سنن النسائي,shyh snn alnsayy dayf snn alnsayy,Muhammad Nasir al-Din al-Albani,محمد ناصر الدين الألباني,hadith-studies,8.7,,https://waqfeya.net/books/صحيح-سنن-النسائي--ضعيف-سنن-النسائي-d59206122ca547518c4efbd4242ef412
x,ok,غاية المقصود في حل سنن أبي داود,ghayh almqswd fy hl snn aby dawd,al-Azim Abadi,العظيم آبادي,hadith-studies,10.4,,https://waqfeya.net/books/غاية-المقصود-في-حل-سنن-أبي-داود-11a51afd5c3b4c0aaa9bcaebfc1cf1b0
,review,التوشيح شرح الجامع الصحيح,altwshyh shrh aljama alshyh,al-Suyuti,السيوطي,hadith-studies,69.7,,https://waqfeya.net/books/التوشيح-شرح-الجامع-الصحيح-a557d7e96102428ca1b0b491892e9888
,review,الديباج على صحيح مسلم بن الحجاج - ت: الحويني,aldybaj aly shyh mslm bn alhjaj t alhwyny,al-Suyuti,السيوطي,hadith-studies,19.2,,https://waqfeya.net/books/الديباج-على-صحيح-مسلم-بن-الحجاج-ت-الحويني-66272e3871c54a6388a04a114b60ba2b
,review,تغليق التعليق على صحيح البخاري,tghlyq altalyq aly shyh albkhary,Ibn Hajar al-Asqalani,ابن حجر العسقلاني,hadith-studies,11.3,,https://waqfeya.net/books/تغليق-التعليق-على-صحيح-البخاري-62fd4f3dec684662b133cb47f8b658a5
,review,انتقاض الاعتراض في الرد على العيني في شرح البخاري,antqad alaatrad fy alrd aly alayny fy shrh albkhary,Ibn Hajar al-Asqalani,ابن حجر العسقلاني,hadith-studies,11.2,,https://waqfeya.net/books/انتقاض-الاعتراض-في-الرد-على-العيني-في-شرح-البخاري-f67bd3e6bc4e4c309e35e6680167e290
,possible-dupe,سنن أبي داود - مع أحكام الألباني، ت: مشهور,snn aby dawd ma ahkam alalbany t mshhwr,Abu Dawud al-Sijistani,أبو داود السجستاني,hadith-studies,25.7,,https://waqfeya.net/books/سنن-أبي-داود-مع-أحكام-الألباني-ت-مشهور-48a5d8c459844c0e8a453311790be713
,possible-dupe,سنن الترمذي - مع أحكام الألباني، ت: مشهور,snn altrmdhy ma ahkam alalbany t mshhwr,al-Tirmidhi,محمد بن عيسى الترمذي,hadith-studies,24.2,,https://waqfeya.net/books/سنن-الترمذي-مع-أحكام-الألباني-ت-مشهور-031e562db365459a87300aabd38834d0
x,ok,سنن النسائي - مع أحكام الألباني، ت: مشهور,snn alnsayy ma ahkam alalbany t mshhwr,al-Nasa'i,أحمد بن شعيب النسائي,hadith-studies,23,,https://waqfeya.net/books/سنن-النسائي-مع-أحكام-الألباني-ت-مشهور-60cd02da32ef45afa0b9ed969883a3ce
,possible-dupe,سنن ابن ماجه مع أحكام الألباني. ت: مشهور,snn abn majh ma ahkam alalbany t mshhwr,Ibn Majah,ابن ماجه,hadith-studies,19.6,,https://waqfeya.net/books/سنن-ابن-ماجه-مع-أحكام-الألباني-ت-مشهور-1b397cf097a248adb198ffa6d73058b3
x,ok,شروق أنوار المنن الكبرى الإلهية بكشف أسرار السنن الصغرى النسائية,shrwq anwar almnn alkbry alalhyh bkshf asrar alsnn alsghry alnsayyh,Muhammad al-Amin al-Shinqiti,محمد الأمين الشنقيطي,hadith-studies,36.1,,https://waqfeya.net/books/شروق-أنوار-المنن-الكبرى-الإلهية-بكشف-أسرار-السنن-الصغرى-النسائية-ac5baa1fc1fe43a383e661fc36e6e0d4
x,ok,تحفة الأحوذي شرح جامع الترمذي,thfh alahwdhy shrh jama altrmdhy,Abd al-Rahman al-Mubarakpuri,عبد الرحمن المباركفوري,hadith-studies,18,,https://waqfeya.net/books/تحفة-الأحوذي-شرح-جامع-الترمذي-57b181ee8dae42db946e4cb6f62eb851
,review,المفهم لما أشكل من كتاب تلخيص مسلم,almfhm lma ashkl mn ktab tlkhys mslm,al-Qurtubi,القرطبي,hadith-studies,14.7,,https://waqfeya.net/books/المفهم-لما-أشكل-من-كتاب-تلخيص-مسلم-b77e50cb7f2e49ef959e67210e0bd3da
x,ok,فتح الباري شرح صحيح البخاري - ط الغرباء - ت: دار الحرمين,fth albary shrh shyh albkhary t alghrba t dar alhrmyn,Ibn Rajab al-Hanbali,ابن رجب الحنبلي,hadith-studies,10.1,,https://waqfeya.net/books/فتح-الباري-شرح-صحيح-البخاري-ط-الغرباء-ت-دار-الحرمين-dffc76e23e4f4e55a72906551d1fa1ae
x,ok,صحيح البخاري - ط. المكنز - معتمداً على ط. السلطانية,shyh albkhary t almknz matmda aly t alsltanyh,Imam al-Bukhari,محمد بن إسماعيل البخاري,hadith-studies,39.1,,https://waqfeya.net/books/صحيح-البخاري-ط-المكنز-معتمدا-على-ط-السلطانية-e70524a50a1e4ca084fd7d4fc1eb2bd4
x,ok,صحيح مسلم - ط. المكنز,shyh mslm t almknz,Imam Muslim,مسلم بن الحجاج,hadith-studies,29.6,,https://waqfeya.net/books/صحيح-مسلم-ط-المكنز-892bc3e636ec449a80f2164caf562609
x,ok,سنن الترمذي - ط. المكنز,snn altrmdhy t almknz,al-Tirmidhi,محمد بن عيسى الترمذي,hadith-studies,22.2,,https://waqfeya.net/books/سنن-الترمذي-ط-المكنز-9b723d501c4c466fa42454ee2ae98868
x,ok,سنن النسائي - ط. المكنز,snn alnsayy t almknz,al-Nasa'i,أحمد بن شعيب النسائي,hadith-studies,20.5,,https://waqfeya.net/books/سنن-النسائي-ط-المكنز-51dd02b7af984187a083e752cc9f5c4f
x,ok,سنن أبي داود - ط. المكنز,snn aby dawd t almknz,Abu Dawud al-Sijistani,أبو داود السجستاني,hadith-studies,20.2,,https://waqfeya.net/books/سنن-أبي-داود-ط-المكنز-eac3e72e29044871a416a8f2238599fd
x,ok,سنن أبي داود مع معالم السنن - ت: الدعاس,snn aby dawd ma maalm alsnn t aldaas,Abu Dawud al-Sijistani,أبو داود السجستاني,hadith-studies,10.6,,https://waqfeya.net/books/سنن-أبي-داود-مع-معالم-السنن-ت-الدعاس-7e825adb4f4f49489cd45fcf8abd8b26
x,ok,عون المعبود على سنن أبي داود، ومعه: شرح ابن القيم,awn almabwd aly snn aby dawd wmah shrh abn alqym,al-Azim Abadi,العظيم آبادي,hadith-studies,12.4,,https://waqfeya.net/books/عون-المعبود-على-سنن-أبي-داود-ومعه-شرح-ابن-القيم-dde10b70c8a64bd483ab414fbc90486a
x,ok,سنن ابن ماجه - ط. المكنز,snn abn majh t almknz,Ibn Majah,ابن ماجه,hadith-studies,15,,https://waqfeya.net/books/سنن-ابن-ماجه--ط-المكنز-e1716b22050f4081b6b041bff093c878
x,ok,سنن الترمذي - ط. الحلبي - ت: شاكر وعبد الباقي وعطوة,snn altrmdhy t alhlby t shakr wabd albaqy watwh,al-Tirmidhi,محمد بن عيسى الترمذي,hadith-studies,12.1,,https://waqfeya.net/books/سنن-الترمذي-ط-الحلبي-ت-شاكر-وعبد-الباقي-وعطوة-5e14808a564745319df6308efe650107
x,ok,صحيح البخاري - ط. السلفية - ت: عبد الباقي,shyh albkhary t alslfyh t abd albaqy,Imam al-Bukhari,محمد بن إسماعيل البخاري,hadith-studies,12,,https://waqfeya.net/books/صحيح-البخاري-ط-السلفية-ت-عبد-الباقي-d7bfad7116c3429499439b8ac07a6d8c
,possible-dupe,مختصر صحيح البخاري,mkhtsr shyh albkhary,Muhammad Nasir al-Din al-Albani,محمد ناصر الدين الألباني,hadith-studies,11.7,,https://waqfeya.net/books/مختصر-صحيح-البخاري-beb9e32b54f9463596cc3ced24e4ee6e
,review,المنهاج في شرح صحيح مسلم بن الحجاج = صحيح مسلم بشرح النووي - ط المصرية القديمة,almnhaj fy shrh shyh mslm bn alhjaj shyh mslm bshrh alnwwy t almsryh alqdymh,al-Nawawi,النووي,hadith-studies,6.3,,https://waqfeya.net/books/المنهاج-في-شرح-صحيح-مسلم-بن-الحجاج-صحيح-مسلم-بشرح-النووي-ط-المصرية-القديمة-b7b7a03127aa47649b524930316e1aca
x,ok,صحيح مسلم - ط. العامرة - تركيا,shyh mslm t alaamrh trkya,Imam Muslim,مسلم بن الحجاج,hadith-studies,5.6,,https://waqfeya.net/books/صحيح-مسلم-ط-العامرة--تركيا-b4b69693b0eb4084ae9bf98faac85b0d
,review,فتح الباري بشرح صحيح البخاري - ت: نظر,fth albary bshrh shyh albkhary t nzr,Ibn Hajar al-Asqalani,ابن حجر العسقلاني,hadith-studies,18.2,,https://waqfeya.net/books/فتح-الباري-بشرح-صحيح-البخاري-ط-طيبة-2ba9d5bb8c6243aabbc66c519bec7f96
x,ok,من حديث أبي عبد الرحمن عبد الله بن يزيد المقرئ مما وافق على رواية الإمام أحمد بن حنبل في المسند,mn hdyth aby abd alrhmn abd allh bn yzyd almqry mma wafq aly rwayh alamam ahmd bn hnbl fy almsnd,Abd al-Rahman al-Sa'di,عبد الرحمن بن ناصر السعدي,hadith-studies,4.1,,https://waqfeya.net/books/من-حديث-أبي-عبد-الرحمن-عبد-الله-بن-يزيد-المقرئ-مما-وافق-على-رواية-الإمام-أحمد-بن-حنبل-في-المسند-9ca819f3322346eb88fdce194edd908e
x,ok,المخلصيات وأجزاء أخرى لأبي طاهر المخلص,almkhlsyat wajza akhry laby tahr almkhls,al-Dhahabi,الذهبي,hadith-studies,9.5,,https://waqfeya.net/books/المخلصيات-وأجزاء-أخرى-لأبي-طاهر-المخلص-2b56d73f1a0a4355b6eae3955d4fc0f2
x,ok,صحيح ابن حبان المسند الصحيح على التقاسيم والأنواع,shyh abn hban almsnd alshyh aly altqasym walanwaa,Ibn Hibban,ابن حبان,hadith-studies,17.9,,https://waqfeya.net/books/صحيح-ابن-حبان-المسند-الصحيح-على-التقاسيم-والأنواع-ca22b4b016a94b42b0b199bd300a8e64
,review,إفادة الخبر بنصه في زيادة العمر ونقصه - ت: شانوحه,afadh alkhbr bnsh fy zyadh alamr wnqsh t shanwhh,al-Suyuti,السيوطي,hadith-studies,0.4,,https://waqfeya.net/books/إفادة-الخبر-بنصه-في-زيادة-العمر-ونقصه--ت-شانوحه-c1f39e49ce8d46b1bc5dbf057f6017d7
,review,الكافي الشاف في تخريج أحاديث الكشاف,alkafy alshaf fy tkhryj ahadyth alkshaf,Ibn Hajar al-Asqalani,ابن حجر العسقلاني,hadith-studies,7.1,,https://waqfeya.net/books/الكافي-الشاف-في-تخريج-أحاديث-الكشاف-606f25da57804e3299b67a06485fb1f0
,review,حصول الرفق بأصول الرزق,hswl alrfq baswl alrzq,al-Suyuti,السيوطي,hadith-studies,1.2,,https://waqfeya.net/books/حصول-الرفق-بأصول-الرزق-a019a80b0e6e458a8cf18a1303034c59
,review,الأربعون في ردع المجرم عن سب المسلم - ت: الحويني,alarbawn fy rda almjrm an sb almslm t alhwyny,Ibn Hajar al-Asqalani,ابن حجر العسقلاني,hadith-studies,1.2,,https://waqfeya.net/books/الأربعون-في-ردع-المجرم-عن-سب-المسلم-ت-الحويني-6d94d4fa8b034be1860b59a07a4b3db4
x,ok,ست رسائل للحافظ ابن عبد الهادي,st rsayl llhafz abn abd alhady,Ibn Qudamah al-Maqdisi,ابن قدامة المقدسي,hadith-studies,7.6,,https://waqfeya.net/books/ست-رسائل-للحافظ-ابن-عبد-الهادي-0b1d18165fd64a019d0ea69476b087cb
,review,مختصر الترغيب والترهيب - ت: عبد العظيم,mkhtsr altrghyb waltrhyb t abd alazym,Ibn Hajar al-Asqalani,ابن حجر العسقلاني,hadith-studies,4.6,,https://waqfeya.net/books/مختصر-الترغيب-والترهيب-ت-عبد-العظيم-0429641066b540b7adc0f7a4efd2e9fd
x,ok,جامع العلوم والحكم في شرح خمسين حديثا من جوامع الكلم - ت: كوشك,jama alalwm walhkm fy shrh khmsyn hdytha mn jwama alklm t kwshk,Ibn Rajab al-Hanbali,ابن رجب الحنبلي,hadith-studies,14.1,,https://waqfeya.net/books/جامع-العلوم-والحكم-في-شرح-خمسين-حديثا-من-جوامع-الكلم-ت-كوشك-0e1dd44d5a3e45869b628bf6a1f173cb
x,ok,صحيح ابن خزيمة - ط. التأصيل,shyh abn khzymh t altasyl,Ibn Khuzaymah,ابن خزيمة,hadith-studies,14.3,,https://waqfeya.net/books/صحيح-ابن-خزيمة-ط-التأصيل-390fa15bf7ff4c4daeffa53065f8ef32
,possible-dupe,إبطال الحيل,abtal alhyl,Ibn Battah al-Ukbari,ابن بطة العكبري,hadith-studies,0.9,,https://waqfeya.net/books/إبطال-الحيل-0d2ecf0bbd704a1abd11e0a29b9f0085
x,ok,مكارم الأخلاق - ت: أبو بسطام,mkarm alakhlaq t abw bstam,al-Tabarani,الطبراني,hadith-studies,6.7,,https://waqfeya.net/books/مكارم-الأخلاق-ت-أبو-بسطام-356724d9232e4e41a7a59c9afec26b18
x,ok,منحة العلام في شرح بلوغ المرام,mnhh alalam fy shrh blwgh almram,Salih al-Fawzan,صالح بن فوزان الفوزان,hadith-studies,10.6,,https://waqfeya.net/books/منحة-العلام-في-شرح-بلوغ-المرام-03c5c11d11ff49a1825fedab851427d4
x,ok,الزهد - ت: البسيوني,alzhd t albsywny,Imam Ahmad ibn Hanbal,أحمد بن حنبل,hadith-studies,10.2,1425,https://waqfeya.net/books/الزهد-ت-البسيوني-fe43805dba7a4ff39bbe820b3fb49c50
x,ok,فتح ذي الجلال والإكرام بشرح بلوغ المرام,fth dhy aljlal walakram bshrh blwgh almram,Muhammad ibn Salih al-Uthaymin,محمد بن صالح العثيمين,hadith-studies,18.1,,https://waqfeya.net/books/فتح-ذي-الجلال-والإكرام-بشرح-بلوغ-المرام-e67cd4a738ef47d1b2cf553552d09c4b
x,ok,ضعيف الجامع الصغير وزيادته = الفتح الكبير,dayf aljama alsghyr wzyadth alfth alkbyr,Muhammad Nasir al-Din al-Albani,محمد ناصر الدين الألباني,hadith-studies,19.6,,https://waqfeya.net/books/ضعيف-الجامع-الصغير-وزيادته-الفتح-الكبير-4578dc7983544751bd76f84583e606d9
x,ok,صحيح الجامع الصغير وزيادته = الفتح الكبير - ط. المكتب الإسلامي,shyh aljama alsghyr wzyadth alfth alkbyr t almktb alaslamy,Muhammad Nasir al-Din al-Albani,محمد ناصر الدين الألباني,hadith-studies,19.7,,https://waqfeya.net/books/صحيح-الجامع-الصغير-وزيادته-الفتح-الكبير-ط-المكتب-الإسلامي-91c8def3ad8b4b1688a86cfd0ca19764
x,ok,سبل السلام الموصلة إلى بلوغ المرام - ت: عوض الله,sbl alslam almwslh aly blwgh almram t awd allh,al-San'ani,الصنعاني,hadith-studies,12,,https://waqfeya.net/books/سبل-السلام-الموصلة-إلى-بلوغ-المرام-ت-عوض-الله-9699361bfa484ab5ae466f9ed6014f02
x,ok,الأدب المفرد - ت: عبد الباقي - ط. 3,aladb almfrd t abd albaqy t 3,Imam al-Bukhari,محمد بن إسماعيل البخاري,hadith-studies,9.7,,https://waqfeya.net/books/الأدب-المفرد-ت-عبد-الباقي-ط-3-0868e9c025474101b886d8a8856f6854
,review,موافقة الخبر الخبر في تخريج أحاديث المختصر,mwafqh alkhbr alkhbr fy tkhryj ahadyth almkhtsr,Ibn Hajar al-Asqalani,ابن حجر العسقلاني,hadith-studies,7.7,,https://waqfeya.net/books/موافقة-الخبر-الخبر-في-تخريج-أحاديث-المختصر-293c93f14e074191abc0d87d265f6ad1
x,ok,المهذب في اختصار السنن الكبير,almhdhb fy akhtsar alsnn alkbyr,al-Dhahabi,الذهبي,hadith-studies,106,,https://waqfeya.net/books/المهذب-في-اختصار-السنن-الكبير-92491137ed5542b599e27d80f06aa1db
,review,الموضوعات,almwdwaat,Ibn al-Jawzi,ابن الجوزي,hadith-studies,8.6,,https://waqfeya.net/books/الموضوعات-8d1a0bf76ec6485bb9ff32ba65370d0e
x,ok,تحفة الطالب بمعرفة أحاديث مختصر ابن الحاجب,thfh altalb bmarfh ahadyth mkhtsr abn alhajb,Ibn Kathir,ابن كثير,hadith-studies,9.3,,https://waqfeya.net/books/تحفة-الطالب-بمعرفة-أحاديث-مختصر-ابن-الحاجب-a3023e8b5d11443f894a00229af3e72f
,review,بلوغ المرام من أدلة الأحكام - ت: الفحل,blwgh almram mn adlh alahkam t alfhl,Ibn Hajar al-Asqalani,ابن حجر العسقلاني,hadith-studies,11.4,,https://waqfeya.net/books/بلوغ-المرام-من-أدلة-الأحكام-ت-الفحل-0796cdbec7d9489c9c746ff96ca768de
x,ok,الفوائد,alfwayd,Ibn Mandah,ابن منده,hadith-studies,7.5,,https://waqfeya.net/books/الفوائد-510ee80e17d2455fab37737e68ac19aa
x,ok,الرد على من يقول الم حرف لينفي الألف واللام والميم من كلام الله عز وجل,alrd aly mn yqwl alm hrf lynfy alalf wallam walmym mn klam allh az wjl,Ibn Mandah,ابن منده,hadith-studies,1.4,,https://waqfeya.net/books/الرد-على-من-يقول-الم-حرف-لينفي-الألف-واللام-والميم-من-كلام-الله-عز-وجل-ff45f5d083f741c0844f7a5f4746ee4b
x,ok,الأدب المفرد - ت: الزهيري,aladb almfrd t alzhyry,Imam al-Bukhari,محمد بن إسماعيل البخاري,hadith-studies,11.3,,https://waqfeya.net/books/الأدب-المفرد-ت-الزهيري-f11235f877de445896eea8f612112024
,review,تبيين العجب بما ورد في شهر رجب - ت: عوض الله,tbyyn alajb bma wrd fy shhr rjb t awd allh,Ibn Hajar al-Asqalani,ابن حجر العسقلاني,hadith-studies,3.7,,https://waqfeya.net/books/تبيين-العجب-بما-ورد-في-شهر-رجب-ت-عوض-الله-8c39083529744c13b9fd79b5ab1fd5e8
,review,بلوغ المرام من أدلة الأحكام - ت: عوض الله,blwgh almram mn adlh alahkam t awd allh,Ibn Hajar al-Asqalani,ابن حجر العسقلاني,hadith-studies,9.6,,https://waqfeya.net/books/بلوغ-المرام-من-أدلة-الأحكام-ت-عوض-الله-4938bd11299f4282825de580316b38be
x,ok,سبل السلام الموصلة إلى بلوغ المرام - ت: حلاق - ط. 2,sbl alslam almwslh aly blwgh almram t hlaq t 2,al-San'ani,الصنعاني,hadith-studies,5.6,,https://waqfeya.net/books/سبل-السلام-الموصلة-إلى-بلوغ-المرام-ت-حلاق-ط2-e3356a45b8b34c07931fa636cf4022b7
x,ok,شرح عمدة الأحكام من أمالي العلامة عبد الرحمن بن ناصر السعدي - ت: العقيل,shrh amdh alahkam mn amaly alalamh abd alrhmn bn nasr alsady t alaqyl,Abd al-Rahman al-Sa'di,عبد الرحمن بن ناصر السعدي,hadith-studies,21.7,,https://waqfeya.net/books/شرح-عمدة-الأحكام-من-أمالي-العلامة-عبد-الرحمن-بن-ناصر-السعدي-ت-العقيل-9ed1059d70d544979f8159e56d113475
x,ok,تخريج أحاديث فضائل الشام ودمشق ودمشق للربعي، ومعه مناقب الشام وأهله - ط. المكتب الإسلامي,tkhryj ahadyth fdayl alsham wdmshq wdmshq llrbay wmah mnaqb alsham wahlh t almktb alaslamy,Muhammad Nasir al-Din al-Albani,محمد ناصر الدين الألباني,hadith-studies,1.5,,https://waqfeya.net/books/تخريج-أحاديث-فضائل-الشام-ودمشق-ودمشق-للربعي-ومعه-مناقب-الشام-وأهله-ط-المكتب-الإسلامي-969a5606f4dc4420b25822a4002a2d58
x,ok,كتاب العلم - ت: الألباني - ط. المعارف,ktab alalm t alalbany t almaarf,al-Nasa'i,أحمد بن شعيب النسائي,hadith-studies,1.5,,https://waqfeya.net/books/كتاب-العلم-ت-الألباني-ط-المعارف-ef0b33d8754c44b99015ceb545de29da
x,ok,كتاب العلم - ت: الألباني - ط. المكتب الإسلامي,ktab alalm t alalbany t almktb alaslamy,al-Nasa'i,أحمد بن شعيب النسائي,hadith-studies,1.1,,https://waqfeya.net/books/كتاب-العلم-ت-الألباني-ط-المكتب-الإسلامي-3215106bcacf49da9cf29286f9382218
x,ok,مختصر المختصر من المسند الصحيح عن النبي صلى الله عليه وسلم (صحيح ابن خزيمة) (ت: الفحل),mkhtsr almkhtsr mn almsnd alshyh an alnby sly allh alyh wslm shyh abn khzymh t alfhl,Ibn Khuzaymah,ابن خزيمة,hadith-studies,12.2,,https://waqfeya.net/books/مختصر-المختصر-من-المسند-الصحيح-عن-النبي-صلى-الله-عليه-وسلم-صحيح-ابن-خزيمة-ت-الفحل-6d2a7cf5565e41cfb4f55f1767e1fc97
x,ok,سبل السلام شرح بلوغ المرام - ط. ابن حزم,sbl alslam shrh blwgh almram t abn hzm,al-San'ani,الصنعاني,hadith-studies,29,,https://waqfeya.net/books/سبل-السلام-شرح-بلوغ-المرام-ط-ابن-حزم-260dca01197845e0b0ecd1a4c84f86a2
x,ok,سبل السلام الموصلة إلى بلوغ المرام - ط. الأفكار,sbl alslam almwslh aly blwgh almram t alafkar,al-San'ani,الصنعاني,hadith-studies,32.4,,https://waqfeya.net/books/سبل-السلام-الموصلة-إلى-بلوغ-المرام-ط-الأفكار-46f525b609334476bbfd40f28f416eac
x,ok,السنن والأحكام عن المصطفى عليه أفضل الصلاة والسلام,alsnn walahkam an almstfy alyh afdl alslah walslam,Abd al-Rahman al-Sa'di,عبد الرحمن بن ناصر السعدي,hadith-studies,10.8,,https://waqfeya.net/books/السنن-والأحكام-عن-المصطفى-عليه-أفضل-الصلاة-والسلام-19731522a03c49e9867342558872f373
x,ok,خصائص أمير المؤمنين علي بن أبي طالب كرم الله وجهه وبذيله كتاب الحلي بتخريج خصائص علي,khsays amyr almwmnyn aly bn aby talb krm allh wjhh wbdhylh ktab alhly btkhryj khsays aly,al-Nasa'i,أحمد بن شعيب النسائي,hadith-studies,2.9,,https://waqfeya.net/books/خصائص-أمير-المؤمنين-علي-بن-أبي-طالب-كرم-الله-وجهه-وبذيله-كتاب-الحلي-بتخريج-خصائص-علي-bfcfc9a246d9497896de73c21652fbc9
x,ok,مصابيح السنة - ت: المرعشلي وآخرون,msabyh alsnh t almrashly wakhrwn,al-Baghawi,البغوي,hadith-studies,16.2,,https://waqfeya.net/books/مصابيح-السنة-ت-المرعشلي-وآخرون-9bb4d12d7d0a46b5b544fd2a7f2b6063
x,ok,الإغراب,alaghrab,al-Nasa'i,أحمد بن شعيب النسائي,hadith-studies,4.8,,https://waqfeya.net/books/الإغراب-84c69c4d983243b189371adae5777451
x,ok,الأمراض والكفارات والطب والرقيات - ت: الحويني,alamrad walkfarat waltb walrqyat t alhwyny,Abd al-Rahman al-Sa'di,عبد الرحمن بن ناصر السعدي,hadith-studies,5,,https://waqfeya.net/books/الأمراض-والكفارات-والطب-والرقيات-ت-الحويني-0e3c035c3cd44a17be056b930251241b
x,ok,فوائد حديثية وفيه فوائد في الكلام على حديث الغمامة وحديث الغزالة والضب وغيره,fwayd hdythyh wfyh fwayd fy alklam aly hdyth alghmamh whdyth alghzalh waldb wghyrh,Ibn al-Qayyim,ابن قيم الجوزية,hadith-studies,3,,https://waqfeya.net/books/فوائد-حديثية-وفيه-فوائد-في-الكلام-على-حديث-الغمامة-وحديث-الغزالة-والضب-وغيره-1c133dfbf29a4c77883dbdb9b77a175a
x,ok,خطبة الحاجة التي كان رسول الله صلى الله عليه وسلم يعلمها أصحابه (ط. المعارف),khtbh alhajh alty kan rswl allh sly allh alyh wslm yalmha ashabh t almaarf,Muhammad Nasir al-Din al-Albani,محمد ناصر الدين الألباني,hadith-studies,0.5,,https://waqfeya.net/books/خطبة-الحاجة-التي-كان-رسول-الله-صلى-الله-عليه-وسلم-يعلمها-أصحابه-ط-المعارف-9964d51369d945dfbf61d5ce76b8c16c
x,ok,شرح حديث لبيك اللهم لبيك,shrh hdyth lbyk allhm lbyk,Ibn Rajab al-Hanbali,ابن رجب الحنبلي,hadith-studies,1.7,,https://waqfeya.net/books/شرح-حديث-لبيك-اللهم-لبيك-b4a0e11b1a914883b6bbc6316e1309e0
x,ok,الحكم الجديرة بالإذاعة من قول النبي صلى الله عليه وسلم بعثت بالسيف بين يدي الساعة,alhkm aljdyrh baladhaah mn qwl alnby sly allh alyh wslm batht balsyf byn ydy alsaah,Ibn Rajab al-Hanbali,ابن رجب الحنبلي,hadith-studies,0.7,,https://waqfeya.net/books/الحكم-الجديرة-بالإذاعة-من-قول-النبي-صلى-الله-عليه-وسلم-بعثت-بالسيف-بين-يدي-الساعة-ec39635d00414aef945c2d76a5d4df97
x,ok,العبرة مما جاء في الغزو والشهادة والهجرة,alabrh mma ja fy alghzw walshhadh walhjrh,Siddiq Hasan Khan,صديق حسن خان,hadith-studies,5,,https://waqfeya.net/books/العبرة-مما-جاء-في-الغزو-والشهادة-والهجرة-88c00cebe1504d7e87f439f000913013
x,ok,كتاب الجهاد أو سبعون حديثا في الجهاد,ktab aljhad aw sbawn hdytha fy aljhad,Ibn Battah al-Ukbari,ابن بطة العكبري,hadith-studies,1.3,,https://waqfeya.net/books/كتاب-الجهاد-أو-سبعون-حديثا-في-الجهاد-8b36d063bdd3404cbf2447406be4275a
x,ok,كتاب الجهاد,ktab aljhad,Ibn Abi 'Asim,ابن أبي عاصم,hadith-studies,10.5,,https://waqfeya.net/books/كتاب-الجهاد-c13291cd39894870941c6b42cc24e0b1
x,ok,الأدب المفرد - ت: عبد الباقي,aladb almfrd t abd albaqy,Imam al-Bukhari,محمد بن إسماعيل البخاري,hadith-studies,6.7,,https://waqfeya.net/books/الأدب-المفرد-ت-عبد-الباقي-4f6429fc59a846bda49dfe869a0dcdf2
x,ok,فضل عشر ذى الحجة,fdl ashr dhy alhjh,al-Tabarani,الطبراني,hadith-studies,0.9,,https://waqfeya.net/books/فضل-عشر-ذى-الحجة-62d3ab7426944edfa8874ce9de1fd385
x,ok,المزكيات وهي الفوائد المنتخبة الغرائب العوالي من حديث أبي إسحاق إبراهيم بن محمد بن يحي المزكي النيسابوري,almzkyat why alfwayd almntkhbh alghrayb alawaly mn hdyth aby ashaq abrahym bn mhmd bn yhy almzky alnysabwry,al-Daraqutni,الدارقطني,hadith-studies,3.5,,https://waqfeya.net/books/المزكيات-وهي-الفوائد-المنتخبة-الغرائب-العوالي-من-حديث-أبي-إسحاق-إبراهيم-بن-محمد-بن-يحي-المزكي-النيسابوري-52c7edfefb9a430aaebd9598a4af21a1
x,ok,فضائل الصحابة ومناقبهم وقول بعضهم في بعض - ت: الحلواني,fdayl alshabh wmnaqbhm wqwl badhm fy bad t alhlwany,al-Daraqutni,الدارقطني,hadith-studies,0.8,,https://waqfeya.net/books/فضائل-الصحابة-ومناقبهم-وقول-بعضهم-في-بعض-ت-الحلواني-1d87dd9184d04c6e8202911b79b709b0
x,ok,فضائل الصحابة ومناقبهم وقول بعضهم في بعض صلوات الله عليهم - ت: الرباح,fdayl alshabh wmnaqbhm wqwl badhm fy bad slwat allh alyhm t alrbah,al-Daraqutni,الدارقطني,hadith-studies,1.4,,https://waqfeya.net/books/فضائل-الصحابة-ومناقبهم-وقول-بعضهم-في-بعض-صلوات-الله-عليهم-ت-الرباح-21d32c5e27ad4f69839977fb7e9c1fd2
x,ok,فضائل الصحابة - ط. العلمية,fdayl alshabh t alalmyh,al-Nasa'i,أحمد بن شعيب النسائي,hadith-studies,1.6,,https://waqfeya.net/books/فضائل-الصحابة-ط-العلمية-cb0b1d79a72940d99ef79216d9b067b8
x,ok,فضائل الصحابة - ت: حمادة,fdayl alshabh t hmadh,al-Nasa'i,أحمد بن شعيب النسائي,hadith-studies,3.8,,https://waqfeya.net/books/فضائل-الصحابة-ت-حمادة-cfd6d5650d444e43af5cdcac9a6d47fb
x,ok,شرح حديث عمران بن حصين كان الله ولم يكن شيء قبله وكان عرشه على الماء,shrh hdyth amran bn hsyn kan allh wlm ykn shy qblh wkan arshh aly alma,Ibn Taymiyyah,ابن تيمية,hadith-studies,1.2,,https://waqfeya.net/books/شرح-حديث-عمران-بن-حصين-كان-الله-ولم-يكن-شيء-قبله-وكان-عرشه-على-الماء-9e5d2afd97134ea8b6ac7ffe4e68f32b
x,ok,إنعام الباري في شرح حديث أبي ذر الغفاري,anaam albary fy shrh hdyth aby dhr alghfary,Ibn Taymiyyah,ابن تيمية,hadith-studies,2,,https://waqfeya.net/books/إنعام-الباري-في-شرح-حديث-أبي-ذر-الغفاري-b7ef12fbf927452f9f97efbd3559ef09
x,ok,تفريج الكروب شرح حديث دعوة أخي ذي النون,tfryj alkrwb shrh hdyth dawh akhy dhy alnwn,Ibn Taymiyyah,ابن تيمية,hadith-studies,2.7,,https://waqfeya.net/books/تفريج-الكروب-شرح-حديث-دعوة-أخي-ذي-النون-f8ee26743af84af4b7802bda39db1a49
x,ok,شرح حديث لا يزني الزاني حين يزني وهو مؤمن,shrh hdyth la yzny alzany hyn yzny whw mwmn,Ibn Taymiyyah,ابن تيمية,hadith-studies,1.3,,https://waqfeya.net/books/شرح-حديث-لا-يزني-الزاني-حين-يزني-وهو-مؤمن-c5abbc8f5ebe4d1da0bd5fa2ef7261cd
x,ok,مجموع فيه مصنفات لشيخ الإسلام ابن تيمية,mjmwa fyh msnfat lshykh alaslam abn tymyh,Ibn Taymiyyah,ابن تيمية,hadith-studies,5.7,,https://waqfeya.net/books/مجموع-فيه-مصنفات-لشيخ-الإسلام-ابن-تيمية-2efb4a3378f546b1b85c784544226976
x,ok,جزء فيه مسند أهل البيت,jz fyh msnd ahl albyt,Imam Ahmad ibn Hanbal,أحمد بن حنبل,hadith-studies,1.6,,https://waqfeya.net/books/جزء-فيه-مسند-أهل-البيت-11529f4ece67410f915774dda6998ac0
x,ok,جزء فيه مجلسان من إملاء أبي عبد الرحمن النسائي - ت: الحويني - ط: ابن الجوزي,jz fyh mjlsan mn amla aby abd alrhmn alnsayy t alhwyny t abn aljwzy,al-Nasa'i,أحمد بن شعيب النسائي,hadith-studies,2.1,,https://waqfeya.net/books/جزء-فيه-مجلسان-من-إملاء-أبي-عبد-الرحمن-النسائي-ت-الحويني-ط-ابن-الجوزي-ca5d4deaf3a54944ac30dbbd4fed89e7
x,ok,جزء فيه مجلسان من إملاء أبي عبد الرحمن النسائي - ت: الحويني - ط: التربية,jz fyh mjlsan mn amla aby abd alrhmn alnsayy t alhwyny t altrbyh,al-Nasa'i,أحمد بن شعيب النسائي,hadith-studies,1.8,,https://waqfeya.net/books/جزء-فيه-مجلسان-من-إملاء-أبي-عبد-الرحمن-النسائي-ت-الحويني-ط-التربية-bfa2bbbbd6064a24a798fdf37a5e46a7
x,review,جزء فيه ذكر أبي القاسم سليمان بن أحمد بن أيوب الطبراني وبعض مناقبه ومولده ووفاته وعدد تصانيفه - ت: الهاشمي,jz fyh dhkr aby alqasm slyman bn ahmd bn aywb altbrany wbad mnaqbh wmwldh wwfath wadd tsanyfh t alhashmy,Ibn Mandah,ابن منده,hadith-studies,2.5,,https://waqfeya.net/books/جزء-فيه-ذكر-أبي-القاسم-سليمان-بن-أحمد-بن-أيوب-الطبراني-وبعض-مناقبه-ومولده-ووفاته-وعدد-تصانيفه-ت-الهاشمي-cd0a8d2ea505415f9119fd48b2417d01
x,ok,اتباع السنن واجتناب البدع,atbaa alsnn wajtnab albda,Abd al-Rahman al-Sa'di,عبد الرحمن بن ناصر السعدي,hadith-studies,1.3,,https://waqfeya.net/books/اتباع-السنن-واجتناب-البدع-913ad9889073421b90e5610a25d2453c
,possible-dupe,أحاديث عشر ذي الحجة وأيام التشريق أحكام وآداب، ويليها رسالة في أحاديث شهر الله المحرم,ahadyth ashr dhy alhjh wayam altshryq ahkam wadab wylyha rsalh fy ahadyth shhr allh almhrm,Salih al-Fawzan,صالح بن فوزان الفوزان,hadith-studies,0.8,,https://waqfeya.net/books/أحاديث-عشر-ذي-الحجة-وأيام-التشريق-أحكام-وآداب-ويليها-رسالة-في-أحاديث-شهر-الله-المحرم-368ee1a4d2254068bab4b613aae1a60f
x,ok,سبل السلام الموصلة إلى بلوغ المرام - ت: حلاق - ط. 1,sbl alslam almwslh aly blwgh almram t hlaq t 1,al-San'ani,الصنعاني,hadith-studies,9.3,,https://waqfeya.net/books/سبل-السلام-الموصلة-إلى-بلوغ-المرام-ت-حلاق-ط1-92d230bf32b645b5b3f4620bbebf525d
x,ok,اقتضاء العلم العمل - ت: الألباني- ط. المعارف,aqtda alalm alaml t alalbany t almaarf,al-Khatib al-Baghdadi,الخطيب البغدادي,hadith-studies,1.9,,https://waqfeya.net/books/اقتضاء-العلم-العمل-ت-الألباني-ط-المعارف-7d9e338ed28246f1801dfb55f2953baf
,review,تنوير الغبش في فضل السودان والحبش - ط. الشريف,tnwyr alghbsh fy fdl alswdan walhbsh t alshryf,Ibn al-Jawzi,ابن الجوزي,hadith-studies,4.5,,https://waqfeya.net/books/تنوير-الغبش-في-فضل-السودان-والحبش-ط-الشريف-6115e4e23ea9496283896064134498a2
x,ok,جزء القراءة خلف الإمام - البخاري، ويليه: تحقيق الإمام السبكي في أن مدرك الركوع ليس بمدرك الركعة - ط باكستان,jz alqrah khlf alamam albkhary wylyh thqyq alamam alsbky fy an mdrk alrkwa lys bmdrk alrkah t bakstan,Imam al-Bukhari,محمد بن إسماعيل البخاري,hadith-studies,1.5,,https://waqfeya.net/books/جزء-القراءة-خلف-الإمام-البخاري-ويليه-تحقيق-الإمام-السبكي-في-أن-مدرك-الركوع-ليس-بمدرك-الركعة-ط-باكستان-c67ec1f6615e45798fa769e74b02b7d2
,review,شرح متن الأربعين النووية في الأحاديث الصحيحة النبوية,shrh mtn alarbayn alnwwyh fy alahadyth alshyhh alnbwyh,al-Nawawi,النووي,hadith-studies,1.4,,https://waqfeya.net/books/شرح-متن-الأربعين-النووية-في-الأحاديث-الصحيحة-النبوية-e49f27412cd7443e856d79409b50c873
x,ok,صحيح ابن خزيمة -ط 1 -ت: الأعظمي - ت: الألباني,shyh abn khzymh t 1 t alaazmy t alalbany,Ibn Khuzaymah,ابن خزيمة,hadith-studies,6.5,,https://waqfeya.net/books/صحيح-ابن-خزيمة-ط-1-ت-الأعظمي-ت-الألباني-9d5c635fe387437ab45eed2eb22f2398
x,ok,جزء فيه طرق حديث ابن عمر في ترائي الهلال,jz fyh trq hdyth abn amr fy trayy alhlal,al-Khatib al-Baghdadi,الخطيب البغدادي,hadith-studies,0.6,,https://waqfeya.net/books/جزء-فيه-طرق-حديث-ابن-عمر-في-ترائي-الهلال-513d2031f3cf4cff93806ed91678baa9
x,ok,الأربعون حديثاً مشيخة ابن تيمية برواية الإمام الذهبي,alarbawn hdytha mshykhh abn tymyh brwayh alamam aldhhby,Ibn Taymiyyah,ابن تيمية,hadith-studies,2.1,,https://waqfeya.net/books/الأربعون-حديثا-مشيخة-ابن-تيمية-برواية-الإمام-الذهبي-7c8604253c904819a885abe516c4e1c5
x,ok,كتاب الأربعين حديثاً ويليه الأربعين من مسانيد المشايخ العشرين عن الأصحاب الأربعين,ktab alarbayn hdytha wylyh alarbayn mn msanyd almshaykh alashryn an alashab alarbayn,al-Ajurri,الآجري,hadith-studies,4.9,,https://waqfeya.net/books/كتاب-الأربعين-حديثا-ويليه-الأربعين-من-مسانيد-المشايخ-العشرين-عن-الأصحاب-الأربعين-a7152760b02049aeabe10f89707a0998
x,ok,سبل السلام شرح بلوغ المرام من أدلة الأحكام - ت: الألباني,sbl alslam shrh blwgh almram mn adlh alahkam t alalbany,al-San'ani,الصنعاني,hadith-studies,11.8,,https://waqfeya.net/books/سبل-السلام-شرح-بلوغ-المرام-من-أدلة-الأحكام-ت-الألباني-21753f860ae34586991e484f3e37108d
x,ok,سبل السلام شرح بلوغ المرام من أدلة الأحكام - ت: القاضي - ط. الباز,sbl alslam shrh blwgh almram mn adlh alahkam t alqady t albaz,al-San'ani,الصنعاني,hadith-studies,36.3,,https://waqfeya.net/books/سبل-السلام-شرح-بلوغ-المرام-من-أدلة-الأحكام-ت-القاضي-ط-الباز-97bdea1de9024031b7049223de1cf519
x,ok,كتاب الديات - ت: زكريا,ktab aldyat t zkrya,Ibn Abi 'Asim,ابن أبي عاصم,hadith-studies,7.8,,https://waqfeya.net/books/كتاب-الديات-ت-زكريا-de635ac0da194ca1b3e52ce08b1a509e
x,ok,كتاب الديات - ت: الحاشدي,ktab aldyat t alhashdy,Ibn Abi 'Asim,ابن أبي عاصم,hadith-studies,2.5,,https://waqfeya.net/books/كتاب-الديات-ت-الحاشدي-3c37844265c94408ba91d3434cb710c7
x,ok,المنتخب من كتاب الزهد والرقائق ويليه طرق حديث عبد الله بن عمر عن النبي في ترائي الهلال,almntkhb mn ktab alzhd walrqayq wylyh trq hdyth abd allh bn amr an alnby fy trayy alhlal,al-Khatib al-Baghdadi,الخطيب البغدادي,hadith-studies,3.2,,https://waqfeya.net/books/المنتخب-من-كتاب-الزهد-والرقائق-ويليه-طرق-حديث-عبد-الله-بن-عمر-عن-النبي-في-ترائي-الهلال-0598d05db7774f56808a95acefab779f
x,ok,الأدب المفرد الجامع للآداب النبوية - ت: الألباني - ط. الصديق,aladb almfrd aljama lladab alnbwyh t alalbany t alsdyq,Imam al-Bukhari,محمد بن إسماعيل البخاري,hadith-studies,10.9,,https://waqfeya.net/books/الأدب-المفرد-الجامع-للآداب-النبوية-ت-الألباني-ط-الصديق-d12a4be4dac54db4b9a9dfa3531d6409
x,ok,الجامع في الحديث - ت: أبو الخير,aljama fy alhdyth t abw alkhyr,Imam Muslim,مسلم بن الحجاج,hadith-studies,11.6,,https://waqfeya.net/books/الجامع-في-الحديث-ت-أبو-الخير-851e99d62fa24d0dac2604bf7e939597
x,ok,الصحيفة الصحيحة صحيفة همام بن منبه - ت: الحلبي,alshyfh alshyhh shyfh hmam bn mnbh t alhlby,al-San'ani,الصنعاني,hadith-studies,1,,https://waqfeya.net/books/الصحيفة-الصحيحة-صحيفة-همام-بن-منبه--ت-الحلبي-dbc92c4230ab4916b32d05f0e853e493
,review,الزهد - القرطبي,alzhd alqrtby,al-Qurtubi,القرطبي,hadith-studies,1.1,,https://waqfeya.net/books/الزهد-e7d1e007d5ef4141ae06993e6262ac78
x,ok,كتاب القدر وما ورد في ذلك من الآثار - ت: الحفيان,ktab alqdr wma wrd fy dhlk mn alathar t alhfyan,Imam Muslim,مسلم بن الحجاج,hadith-studies,1.4,,https://waqfeya.net/books/كتاب-القدر-وما-ورد-في-ذلك-من-الآثار-ت-الحفيان-9fc29e44b704465ba6634443defbfbd1
x,ok,تهذيب خصائص الإمام علي - ت: الحويني,thdhyb khsays alamam aly t alhwyny,al-Nasa'i,أحمد بن شعيب النسائي,hadith-studies,2.6,,https://waqfeya.net/books/تهذيب-خصائص-الإمام-علي-ت-الحويني-febfb57ec5cf484099ca51ba019c2272
x,ok,اقتضاء العلم العمل - ط. المكتب الإسلامي,aqtda alalm alaml t almktb alaslamy,al-Khatib al-Baghdadi,الخطيب البغدادي,hadith-studies,1.6,,https://waqfeya.net/books/اقتضاء-العلم-العمل-ط-المكتب-الإسلامي-829c3e8048a642039dd43acf3b7ea56b
x,ok,حاشية سماحة الشيخ عبد العزيز بن عبد الله بن باز على بلوغ المرام,hashyh smahh alshykh abd alazyz bn abd allh bn baz aly blwgh almram,Abd al-Aziz ibn Baz,عبد العزيز بن باز,hadith-studies,10.2,,https://waqfeya.net/books/حاشية-سماحة-الشيخ-عبد-العزيز-بن-عبد-الله-بن-باز-على-بلوغ-المرام-f46a579b665948bbb2c711490f9ae921
,possible-dupe,فضل قيام الليل والتهجد,fdl qyam allyl walthjd,al-Ajurri,الآجري,hadith-studies,2.2,,https://waqfeya.net/books/فضل-قيام-الليل-والتهجد-b8a787260e6346d2b7686a2da6b8ad00
x,ok,فضائل الصحابة - ط. دار ابن الجوزي,fdayl alshabh t dar abn aljwzy,Imam Ahmad ibn Hanbal,أحمد بن حنبل,hadith-studies,18.6,,https://waqfeya.net/books/فضائل-الصحابة-طدار-ابن-الجوزي-bcb318cbb7a648799fb25cc604dd4455
x,ok,أخلاق أهل القرآن,akhlaq ahl alqran,al-Ajurri,الآجري,hadith-studies,3.1,,https://waqfeya.net/books/أخلاق-أهل-القرآن-b1833c4dceda411188c9b92b2ecb5377
x,ok,أحكام الخواتيم وما يتعلق بها,ahkam alkhwatym wma ytalq bha,Ibn Rajab al-Hanbali,ابن رجب الحنبلي,hadith-studies,2.5,,https://waqfeya.net/books/أحكام-الخواتيم-وما-يتعلق-بها-ed75220e361d46a0979828c1cd12dd8d
x,ok,الأحاديث الطوال,alahadyth altwal,al-Tabarani,الطبراني,hadith-studies,6.2,,https://waqfeya.net/books/الأحاديث-الطوال-7f39e34eeb47413f8a44ca17634726ca
x,ok,التقريب إلى معجم الطبراني الكبير,altqryb aly majm altbrany alkbyr,Salih al-Fawzan,صالح بن فوزان الفوزان,hadith-studies,1.8,,https://waqfeya.net/books/التقريب-إلى-معجم-الطبراني-الكبير-eb1e86963c7d49fcbfad624921294337
x,ok,المعجم الكبير = معجم الطبراني الكبير - قطعة من الجزء 13 - ت: السلفي,almajm alkbyr majm altbrany alkbyr qtah mn aljz 13 t alslfy,al-Tabarani,الطبراني,hadith-studies,5.2,,https://waqfeya.net/books/المعجم-الكبير-معجم-الطبراني-الكبير--قطعة-من-الجزء-13-ت-السلفي-2527fbe2f147433495bb79b7875b070b
x,ok,المعجم الكبير = معجم الطبراني الكبير - قطعة من مسانيد من اسمه عبد الله,almajm alkbyr majm altbrany alkbyr qtah mn msanyd mn asmh abd allh,al-Tabarani,الطبراني,hadith-studies,5.7,,https://waqfeya.net/books/المعجم-الكبير-معجم-الطبراني-الكبير--قطعة-من-مسانيد-من-اسمه-عبد-الله-2421ebf77a454a64b9ac67930ccaead0
x,ok,الأوائل,alawayl,al-Tabarani,الطبراني,hadith-studies,1.6,,https://waqfeya.net/books/الأوائل-a6677886d84f4beebce80307b1d59f7e
x,ok,فضل الرمي وتعليمه,fdl alrmy wtalymh,al-Tabarani,الطبراني,hadith-studies,4,,https://waqfeya.net/books/فضل-الرمي-وتعليمه-b9e2c0b874774dffb7d333bfb6586e0a
x,ok,المحرر في الحديث,almhrr fy alhdyth,Ibn Qudamah al-Maqdisi,ابن قدامة المقدسي,hadith-studies,7.8,,https://waqfeya.net/books/المحرر-في-الحديث-b8918482327f40e3a78ef44c31f8709c
x,ok,مسند الشاميين,msnd alshamyyn,al-Tabarani,الطبراني,hadith-studies,7.4,,https://waqfeya.net/books/مسند-الشاميين-55458d24bb6a4d0d91c8eda94ddc02b5
x,ok,كتاب الدعاء,ktab aldaa,al-Tabarani,الطبراني,hadith-studies,27,,https://waqfeya.net/books/كتاب-الدعاء-4a56c0a3289541dbb0b8303bfb697065
x,ok,المعجم الصغير للطبراني ويليه: غنية الألمعي / التحفة المرضية في حل بعض المشكلات الحديثية/سنية رفع اليدين في الدعاء بعد الصلوات المكتوبة لمن شاء / رسالة الكشف في بيان خروج المهدي,almajm alsghyr lltbrany wylyh ghnyh alalmay althfh almrdyh fy hl bad almshklat alhdythyh snyh rfa alydyn fy aldaa bad alslwat almktwbh lmn sha rsalh alkshf fy byan khrwj almhdy,al-Tabarani,الطبراني,hadith-studies,4.8,,https://waqfeya.net/books/المعجم-الصغير-للطبراني-ويليه-غنية-الألمعي--التحفة-المرضية-في-حل-بعض-المشكلات-الحديثيةسنية-رفع-اليدين-في-الدعاء-بعد-الصلوات-المكتوبة-لمن-شاء--رسالة-الكشف-في-بيان-خروج-المهدي-613077974d624c20988795376dc0c980
x,ok,شرح السنة - ت: الأرناؤوط,shrh alsnh t alarnawwt,al-Baghawi,البغوي,hadith-studies,8.1,,https://waqfeya.net/books/شرح-السنة-ت-الأرناؤوط-83f22b3fd537422baddf1142a66c7af5
x,ok,المعجم الأوسط للطبراني = معجم الطبراني الأوسط,almajm alawst lltbrany majm altbrany alawst,al-Tabarani,الطبراني,hadith-studies,6.9,,https://waqfeya.net/books/المعجم-الأوسط-للطبراني-معجم-الطبراني-الأوسط-4d2a5a82c2ce4b10b670db147a125163
x,ok,تعظيم قدر الصلاة,tazym qdr alslah,Muhammad ibn Nasr al-Marwazi,محمد بن نصر المروزي,hadith-studies,14.5,,https://waqfeya.net/books/تعظيم-قدر-الصلاة-d9c7eca4736d42dcab0a564bbc11fa84
x,ok,سلسلة الأحاديث الضعيفة والموضوعة,slslh alahadyth aldayfh walmwdwah,Muhammad Nasir al-Din al-Albani,محمد ناصر الدين الألباني,hadith-studies,20.4,,https://waqfeya.net/books/سلسلة-الأحاديث-الضعيفة-والموضوعة-c3a0c6a9fbad4fbdae8eefb24ebc72ab
x,ok,سلسلة الأحاديث الصحيحة وشيء من فقهها وفوائدها = السلسلة الصحيحة,slslh alahadyth alshyhh wshy mn fqhha wfwaydha alslslh alshyhh,Muhammad Nasir al-Din al-Albani,محمد ناصر الدين الألباني,hadith-studies,25.4,,https://waqfeya.net/books/سلسلة-الأحاديث-الصحيحة-وشيء-من-فقهها-وفوائدها-السلسلة-الصحيحة-55878d074b044688bbdb9217f8105559
x,ok,أصل صفة صلاة النبي صلى الله عليه وسلم من التكبير إلى التسليم كأنك تراها,asl sfh slah alnby sly allh alyh wslm mn altkbyr aly altslym kank traha,Muhammad Nasir al-Din al-Albani,محمد ناصر الدين الألباني,hadith-studies,20.4,,https://waqfeya.net/books/أصل-صفة-صلاة-النبي-صلى-الله-عليه-وسلم-من-التكبير-إلى-التسليم-كأنك-تراها-fa1fb5f8b5244fdfa2ba6fe4fb08ccd1
x,ok,التعليقات الحسان على صحيح ابن حبان بترتيب ابن بلبان,altalyqat alhsan aly shyh abn hban btrtyb abn blban,Muhammad Nasir al-Din al-Albani,محمد ناصر الدين الألباني,hadith-studies,9.5,,https://waqfeya.net/books/التعليقات-الحسان-على-صحيح-ابن-حبان-بترتيب-ابن-بلبان-2bd36f173c87489d88934d6ab250d22b
x,ok,إرواء الغليل في تخرج أحاديث منار السبيل,arwa alghlyl fy tkhrj ahadyth mnar alsbyl,Muhammad Nasir al-Din al-Albani,محمد ناصر الدين الألباني,hadith-studies,6.2,,https://waqfeya.net/books/إرواء-الغليل-في-تخرج-أحاديث-منار-السبيل-3545244b658c456babd8041b5862e681
x,ok,صحيح ابن خزيمة (ط 3),shyh abn khzymh t 3,Ibn Khuzaymah,ابن خزيمة,hadith-studies,20.8,,https://waqfeya.net/books/صحيح-ابن-خزيمة-ط-3-28abedde23ba4233a0310284ff93575e
x,ok,غاية المرام في تخريج أحاديث الحلال والحرام,ghayh almram fy tkhryj ahadyth alhlal walhram,Muhammad Nasir al-Din al-Albani,محمد ناصر الدين الألباني,hadith-studies,4.7,,https://waqfeya.net/books/غاية-المرام-في-تخريج-أحاديث-الحلال-والحرام-124766134efb40ffabdbd1573d73dd60
x,ok,تخريج أحاديث مشكلة الفقر وكيف عالجها الإسلام,tkhryj ahadyth mshklh alfqr wkyf aaljha alaslam,Muhammad Nasir al-Din al-Albani,محمد ناصر الدين الألباني,hadith-studies,1.3,,https://waqfeya.net/books/تخريج-أحاديث-مشكلة-الفقر-وكيف-عالجها-الإسلام-30db5563d4c3448ebe671f638caf82d4
x,ok,كتاب السنة ومعه ظلال الجنة في تخريج السنة,ktab alsnh wmah zlal aljnh fy tkhryj alsnh,Ibn Abi 'Asim,ابن أبي عاصم,hadith-studies,9.4,,https://waqfeya.net/books/كتاب-السنة-ومعه-ظلال-الجنة-في-تخريج-السنة-13c55c11a2ae41a18774c6b892ed7fc9
x,ok,صحيح الأدب المفرد,shyh aladb almfrd,Muhammad Nasir al-Din al-Albani,محمد ناصر الدين الألباني,hadith-studies,8.7,,https://waqfeya.net/books/صحيح-الأدب-المفرد-91d331c7b222413597b0568969a9d592
x,ok,المصنف = مصنف ابن أبي شيبة - ط. الرشد,almsnf msnf abn aby shybh t alrshd,Ibn Abi Shaybah,ابن أبي شيبة,hadith-studies,12.6,,https://waqfeya.net/books/المصنف-مصنف-ابن-أبي-شيبة-ط-الرشد-41b18eaa993344118d343e1bea65d968
x,ok,الأحاديث المختارة - ت: بن دهيش,alahadyth almkhtarh t bn dhysh,Abd al-Rahman al-Sa'di,عبد الرحمن بن ناصر السعدي,hadith-studies,7.4,,https://waqfeya.net/books/الأحاديث-المختارة-ت-بن-دهيش-ffa2fb0bbe7d427496493c651bff3b87
x,ok,مشكاة المصابيح مع شرحه مرعاة المفاتيح,mshkah almsabyh ma shrhh mraah almfatyh,Abd al-Rahman al-Mubarakpuri,عبد الرحمن المباركفوري,hadith-studies,19.7,,https://waqfeya.net/books/مشكاة-المصابيح-مع-شرحه-مرعاة-المفاتيح-ebe8080a16ff43ae9842ed1710e5df55
x,ok,زاد المسلم فيما اتفق عليه البخارى ومسلم,zad almslm fyma atfq alyh albkhary wmslm,Muhammad al-Amin al-Shinqiti,محمد الأمين الشنقيطي,hadith-studies,16.8,,https://waqfeya.net/books/زاد-المسلم-فيما-اتفق-عليه-البخارى-ومسلم-ef32bdbdb1e74ba5b7966f8ba9a40d26
x,ok,مصنف ابن أبي شيبة - ت: عوامة,msnf abn aby shybh t awamh,Ibn Abi Shaybah,ابن أبي شيبة,hadith-studies,11.6,,https://waqfeya.net/books/مصنف-ابن-أبي-شيبة-ت-عوامة-8eecdcb81f7648dc8ef7a57ad7d64c9d
x,ok,سنن الدارمي - ت: البغا,snn aldarmy t albgha,al-Darimi,عبد الله بن عبد الرحمن الدارمي,hadith-studies,18.7,,https://waqfeya.net/books/سنن-الدارمي--ت-البغا-cb30c68b5b434fcf99ae9ffa88db7802
x,ok,فضل عشر ذي الحجة - الطبراني,fdl ashr dhy alhjh altbrany,al-Tabarani,الطبراني,hadith-studies,0.9,,https://waqfeya.net/books/فضل-عشر-ذي-الحجة-47a9304479ea4d22883cc4e1c7c8b663
,review,رياض الصالحين من كلام رسول الله صلى الله عليه وسلم سيد العارفين - ت العمران,ryad alsalhyn mn klam rswl allh sly allh alyh wslm syd alaarfyn t alamran,al-Nawawi,النووي,hadith-studies,11.2,,https://waqfeya.net/books/رياض-الصالحين-من-كلام-رسول-الله-صلى-الله-عليه-وسلم-سيد-العارفين-00403fe2c6454b2a981dd823cbe09be3
x,ok,غاية الإحكام في أحاديث الأحكام,ghayh alahkam fy ahadyth alahkam,Ibn Jarir al-Tabari,محمد بن جرير الطبري,hadith-studies,16.1,,https://waqfeya.net/books/غاية-الإحكام-في-أحاديث-الأحكام-719c9355f939481f974f0312480c3344
x,ok,تهذيب الآثار وتفصيل الثابت عن رسول الله صلى الله عليه وسلم من الأخبار - الجزء المفقود - ت: رضا,thdhyb alathar wtfsyl althabt an rswl allh sly allh alyh wslm mn alakhbar aljz almfqwd t rda,Ibn Jarir al-Tabari,محمد بن جرير الطبري,hadith-studies,11,,https://waqfeya.net/books/تهذيب-الآثار-وتفصيل-الثابت-عن-رسول-الله-صلى-الله-عليه-وسلم-من-الأخبار-الجزء-المفقود-ت-رضا-4c44416d297e4d439bcc663bfbb11304
x,ok,تهذيب الآثار وتفصيل الثابت عن رسول الله صلى الله عليه وسلم من الأخبار - مسند عمر بن الخطاب - ت: شاكر,thdhyb alathar wtfsyl althabt an rswl allh sly allh alyh wslm mn alakhbar msnd amr bn alkhtab t shakr,Ibn Jarir al-Tabari,محمد بن جرير الطبري,hadith-studies,14.6,,https://waqfeya.net/books/تهذيب-الآثار-وتفصيل-الثابت-عن-رسول-الله-صلى-الله-عليه-وسلم-من-الأخبار-مسند-عمر-بن-الخطاب-ت-شاكر-500d031a97e3447d88dae143b63b56ba
x,ok,تهذيب الآثار وتفصيل الثابت عن رسول الله صلى الله عليه وسلم من الأخبار - مسند علي بن أبي طالب - ت: شاكر,thdhyb alathar wtfsyl althabt an rswl allh sly allh alyh wslm mn alakhbar msnd aly bn aby talb t shakr,Ibn Jarir al-Tabari,محمد بن جرير الطبري,hadith-studies,6.3,,https://waqfeya.net/books/-تهذيب-الآثار-وتفصيل-الثابت-عن-رسول-الله-صلى-الله-عليه-وسلم-من-الأخبار-مسند-علي-بن-أبي-طالب-ت-شاكر-99f03fb1c77b4046a6d0cc596a075ead
x,ok,تهذيب الآثار وتفصيل الثابت عن رسول الله صلى الله عليه وسلم من الأخبار - مسند ابن عباس - ت: شاكر,thdhyb alathar wtfsyl althabt an rswl allh sly allh alyh wslm mn alakhbar msnd abn abas t shakr,Ibn Jarir al-Tabari,محمد بن جرير الطبري,hadith-studies,15.4,,https://waqfeya.net/books/تهذيب-الآثار-وتفصيل-الثابت-عن-رسول-الله-صلى-الله-عليه-وسلم--من-الأخبار-مسند-ابن-عباس-ت-شاكر-36f1a33420014a88a962df7a66db99cb
x,ok,المسند = مسند الدارمي - ط. التأصيل,almsnd msnd aldarmy t altasyl,al-Darimi,عبد الله بن عبد الرحمن الدارمي,hadith-studies,14.2,,https://waqfeya.net/books/المسند--مسند-الدارمي--ط-التأصيل-cdf0c0cd0181453ba0c1b5482d7600c5
x,ok,المصنف = مصنف عبد الرزاق - ط. التأصيل,almsnf msnf abd alrzaq t altasyl,al-San'ani,الصنعاني,hadith-studies,12.9,,https://waqfeya.net/books/المصنف-مصنف-عبد-الرزاق-ط-التأصيل-b6bce786375a425d83bf9c2cf7a756e9
x,ok,سنن الدارمي - ت: دهمان,snn aldarmy t dhman,al-Darimi,عبد الله بن عبد الرحمن الدارمي,hadith-studies,12.1,,https://waqfeya.net/books/سنن-الدارمي-ت-دهمان-1532d05ff9b14ab2a82031b54518f80d
x,ok,مصنف ابن أبي شيبة - ط. الهند,msnf abn aby shybh t alhnd,Ibn Abi Shaybah,ابن أبي شيبة,hadith-studies,34.2,,https://waqfeya.net/books/مصنف-ابن-أبي-شيبة-طالهند-67a519bf5d014607a777ab08703b0847
x,ok,مسند أبي داود الطيالسي - ط. النظامية,msnd aby dawd altyalsy t alnzamyh,Abu Dawud al-Sijistani,أبو داود السجستاني,hadith-studies,36.6,,https://waqfeya.net/books/مسند-أبي-داود-الطيالسي-ط-النظامية-884ffd19909d454b9a918ec639641843
x,ok,مسند ابن أبي شيبة,msnd abn aby shybh,Ibn Abi Shaybah,ابن أبي شيبة,hadith-studies,7.7,1418,https://waqfeya.net/books/مسند-ابن-أبي-شيبة-c232c21a4f1644dbbfeaeecda3a9afd3
x,ok,المصنف لابن أبي شيبة - ت: الشثري,almsnf labn aby shybh t alshthry,Ibn Abi Shaybah,ابن أبي شيبة,hadith-studies,18,,https://waqfeya.net/books/المصنف-لابن-أبي-شيبة-ت-الشثري-1faabeb02bba4bc9905d21a88eab919a
x,ok,مسند الإمام الدارمي - ت: الزهراني,msnd alamam aldarmy t alzhrany,al-Darimi,عبد الله بن عبد الرحمن الدارمي,hadith-studies,22.9,,https://waqfeya.net/books/مسند-الإمام-الدارمي-ت-الزهراني-395ddac9d38c4a25abdd2ce50e4cf215
x,ok,نوادر الأصول في أحاديث الرسول صلي الله عليه وسلم - النسخة المسندة الكاملة - ت: تكله,nwadr alaswl fy ahadyth alrswl sly allh alyh wslm alnskhh almsndh alkamlh t tklh,al-Tirmidhi,محمد بن عيسى الترمذي,hadith-studies,7.6,,https://waqfeya.net/books/نوادر-الأصول-في-أحاديث-الرسول-صلي-الله-عليه-وسلم-النسخة-المسندة-الكاملة-ت-تكله-3f9e60e9ebef4a1d97b597aa44c225f9
x,ok,نوادر الأصول في أحاديث الرسول صلي الله عليه وسلم - ت: عميرة,nwadr alaswl fy ahadyth alrswl sly allh alyh wslm t amyrh,al-Tirmidhi,محمد بن عيسى الترمذي,hadith-studies,7.1,,https://waqfeya.net/books/نوادر-الأصول-في-أحاديث-الرسول-صلي-الله-عليه-وسلم-ت-عميرة-e85cbdc3ca864f938c9fbe1049dde9cb
x,ok,الجامع لابن وهب في الأحكام,aljama labn whb fy alahkam,Imam Muslim,مسلم بن الحجاج,hadith-studies,7.1,,https://waqfeya.net/books/الجامع-لابن-وهب-في-الأحكام-49f73a2734ce428fb968a09bce55689f
,review,رياض الصالحين - ت: الألباني، ط 1412,ryad alsalhyn t alalbany t 1412,al-Nawawi,النووي,hadith-studies,11.9,,https://waqfeya.net/books/رياض-الصالحين-ت-الألباني-ط-1412-e01a5bf169f14dff894594b16332c36e
x,ok,الإفهام في شرح عمدة الأحكام - ت: القحطاني,alafham fy shrh amdh alahkam t alqhtany,Abd al-Aziz ibn Baz,عبد العزيز بن باز,hadith-studies,20.4,,https://waqfeya.net/books/الإفهام-في-شرح-عمدة-الأحكام-ت-القحطاني-b229ed8b2bce422580e228547b493977
x,ok,بهجة قلوب الأبرار وقرة عيون الأخيار في شرح جوامع الأخبار - ت: آل برغش,bhjh qlwb alabrar wqrh aywn alakhyar fy shrh jwama alakhbar t al brghsh,Abd al-Rahman al-Sa'di,عبد الرحمن بن ناصر السعدي,hadith-studies,4.7,,https://waqfeya.net/books/بهجة-قلوب-الأبرار-وقرة-عيون-الأخيار-في-شرح-جوامع-الأخبار-ت-آل-برغش-c7981864fb9041ff9b7cddc99805a72f
x,ok,بهجة قلوب الأبرار وقرة عيون الأخيار في شرح جوامع الأخبار - ط. السنة المحمدية,bhjh qlwb alabrar wqrh aywn alakhyar fy shrh jwama alakhbar t alsnh almhmdyh,Abd al-Rahman al-Sa'di,عبد الرحمن بن ناصر السعدي,hadith-studies,4.1,,https://waqfeya.net/books/بهجة-قلوب-الأبرار-وقرة-عيون-الأخيار-في-شرح-جوامع-الأخبار-ط-السنة-المحمدية-5edab81f639c4e258323029a441d19de
x,ok,بهجة قلوب الأبرار وقرة عيون الأخيار في شرح جوامع الأخبار - ت: آل مبارك,bhjh qlwb alabrar wqrh aywn alakhyar fy shrh jwama alakhbar t al mbark,Abd al-Rahman al-Sa'di,عبد الرحمن بن ناصر السعدي,hadith-studies,7.3,,https://waqfeya.net/books/بهجة-قلوب-الأبرار-وقرة-عيون-الأخيار-في-شرح-جوامع-الأخبار-ت-آل-مبارك-6641d5829a8b4d3ba11fed52c88d6835
x,ok,بهجة قلوب الأبرار وقرة عيون الأخيار في شرح جوامع الأخبار - ت: الصاوي,bhjh qlwb alabrar wqrh aywn alakhyar fy shrh jwama alakhbar t alsawy,Abd al-Rahman al-Sa'di,عبد الرحمن بن ناصر السعدي,hadith-studies,6.3,,https://waqfeya.net/books/بهجة-قلوب-الأبرار-وقرة-عيون-الأخيار-في-شرح-جوامع-الأخبار-ت-الصاوي-6a7ca93997364cfbaad09f1339027b71
x,ok,بهجة قلوب الأبرار وقرة عيون الأخيار في شرح جوامع الأخبار - ط. الأوقاف السعودية,bhjh qlwb alabrar wqrh aywn alakhyar fy shrh jwama alakhbar t alawqaf alsawdyh,Abd al-Rahman al-Sa'di,عبد الرحمن بن ناصر السعدي,hadith-studies,3,,https://waqfeya.net/books/بهجة-قلوب-الأبرار-وقرة-عيون-الأخيار-في-شرح-جوامع-الأخبار-ط-الأوقاف-السعودية-0492dca54d9142bc970734eb8b0ecf70
x,ok,بهجة قلوب الأبرار وقرة عيون الأخيار في شرح جوامع الأخبار - ت. آل الدريني,bhjh qlwb alabrar wqrh aywn alakhyar fy shrh jwama alakhbar t al aldryny,Abd al-Rahman al-Sa'di,عبد الرحمن بن ناصر السعدي,hadith-studies,5,,https://waqfeya.net/books/بهجة-قلوب-الأبرار-وقرة-عيون-الأخيار-في-شرح-جوامع-الأخبار-ت-آل-الدريني-b5f1bd8e7d6e47c4a7248c7d4891fae4
x,ok,مسند الفاروق أمير المؤمنين أبي حفص عمر بن الخطاب وأقواله على أبواب العلم,msnd alfarwq amyr almwmnyn aby hfs amr bn alkhtab waqwalh aly abwab alalm,Ibn Kathir,ابن كثير,hadith-studies,9.2,,https://waqfeya.net/books/مسند-الفاروق-أمير-المؤمنين-أبي-حفص-عمر-بن-الخطاب-وأقواله-على-أبواب-العلم-24b0cefea11b48899151d58fdf22b135
x,ok,جامع العلوم والحكم في شرح خمسين حديثاً من جوامع الكلم - ت: أبو النور,jama alalwm walhkm fy shrh khmsyn hdytha mn jwama alklm t abw alnwr,Ibn Rajab al-Hanbali,ابن رجب الحنبلي,hadith-studies,29,,https://waqfeya.net/books/جامع-العلوم-والحكم-في-شرح-خمسين-حديثا-من-جوامع-الكلم-ت-أبو-النور-bf6f909159e2470d8786bed23da79cb8
,review,رياض الصالحين - ت: الأرناؤوط، ط 1405,ryad alsalhyn t alarnawwt t 1405,al-Nawawi,النووي,hadith-studies,14.4,,https://waqfeya.net/books/-رياض-الصالحين-ت-الأرناؤوط-ط-1405-e1cb6e6d4ca54750a7952e828f9179a6
x,ok,نيل الأوطار شرح منتقى الأخبار - ت: الصبابطي,nyl alawtar shrh mntqy alakhbar t alsbabty,al-Shawkani,الشوكاني,hadith-studies,8.8,,https://waqfeya.net/books/نيل-الأوطار-شرح-منتقى-الأخبار-ت-الصبابطي-59daf800fc604a9b8e9bf3b212900b68
,review,رياض الصالحين - ت: الأرناؤوط، ط 1422,ryad alsalhyn t alarnawwt t 1422,al-Nawawi,النووي,hadith-studies,15.2,,https://waqfeya.net/books/رياض-الصالحين-ت-الأرناؤوط-ط-1422-275ed61814a74151930cf0ac67cf5d60
x,ok,التحبير لإيضاح معاني التيسير,althbyr laydah maany altysyr,al-San'ani,الصنعاني,hadith-studies,16.2,,https://waqfeya.net/books/التحبير-لإيضاح-معاني-التيسير-a3ab239b19034884b4dd2111df34355c
x,ok,سبل السلام - ت: الصبابطي والسيد,sbl alslam t alsbabty walsyd,al-San'ani,الصنعاني,hadith-studies,15.7,,https://waqfeya.net/books/سبل-السلام-ت-الصبابطي-والسيد-ebdc1210a3b7419780424c1edd20b035
,dupe-internal,الإفهام في شرح عمدة الأحكام - ت: القحطاني,alafham fy shrh amdh alahkam t alqhtany,Abd al-Aziz ibn Baz,عبد العزيز بن باز,hadith-studies,10,,https://waqfeya.net/books/الإفهام-في-شرح-عمدة-الأحكام-ت-القحطاني-b977035d7e9742608d2873fe901688b0
x,ok,نيل الأوطار شرح منتقى الأخبار - ط. الأوقاف السعودية,nyl alawtar shrh mntqy alakhbar t alawqaf alsawdyh,al-Shawkani,الشوكاني,hadith-studies,11.2,,https://waqfeya.net/books/نيل-الأوطار-شرح-منتقى-الأخبار-ط-الأوقاف-السعودية-01603dabf2e7404eaa1b089ad95f9337
x,ok,المسند الجامع = سنن الدارمي - ت: الغمري,almsnd aljama snn aldarmy t alghmry,al-Darimi,عبد الله بن عبد الرحمن الدارمي,hadith-studies,22.5,,https://waqfeya.net/books/المسند-الجامع-سنن-الدارمي-ت-الغمري-934ff7810cdc44459599bb43a7b84e8c
x,ok,التنوير شرح الجامع الصغير,altnwyr shrh aljama alsghyr,al-San'ani,الصنعاني,hadith-studies,12.1,,https://waqfeya.net/books/التنوير-شرح-الجامع-الصغير-f00b6f72c90c40de8c43a331845cf128
x,ok,شرح رياض الصالحين - ط. السلام,shrh ryad alsalhyn t alslam,Muhammad ibn Salih al-Uthaymin,محمد بن صالح العثيمين,hadith-studies,51.2,,https://waqfeya.net/books/شرح-رياض-الصالحين-ط-السلام-9492cdcd32864db49cd1d8859cb2908b
x,ok,سنن الدارقطني، وبذيله التعليق المغني على الدارقطني,snn aldarqtny wbdhylh altalyq almghny aly aldarqtny,al-Daraqutni,الدارقطني,hadith-studies,27,,https://waqfeya.net/books/سنن-الدارقطني-وبذيله-التعليق-المغني-على-الدارقطني-f8f3e06d85404ffdbfcb216031771176
x,ok,مسند الدارمي المعروف بسنن الدارمي,msnd aldarmy almarwf bsnn aldarmy,al-Darimi,عبد الله بن عبد الرحمن الدارمي,hadith-studies,13.8,,https://waqfeya.net/books/مسند-الدارمي-المعروف-بسنن-الدارمي-31f09975660748f79ba662f96a481a81
,review,خلاصة الأحكام في مهمات السنن وقواعد الإسلام,khlash alahkam fy mhmat alsnn wqwaad alaslam,al-Nawawi,النووي,hadith-studies,17.5,,https://waqfeya.net/books/خلاصة-الأحكام-في-مهمات-السنن-وقواعد-الإسلام-9e787b9b29194f65bd8fa1004984f673
x,ok,الكتاب المصنف في الأحاديث والآثار - ت: الحوت,alktab almsnf fy alahadyth walathar t alhwt,Ibn Abi Shaybah,ابن أبي شيبة,hadith-studies,10.2,,https://waqfeya.net/books/الكتاب-المصنف-في-الأحاديث-والآثار-ت-الحوت-3a0d72a67b1f464f94bbe05a94406e53
x,ok,جامع المسانيد والسنن الهادي لأقوم سنن - ت: بن دهيش - ط. خضر,jama almsanyd walsnn alhady laqwm snn t bn dhysh t khdr,Ibn Kathir,ابن كثير,hadith-studies,14.1,,https://waqfeya.net/books/جامع-المسانيد-والسنن-الهادي-لأقوم-سنن-ت-بن-دهيش--ط-خضر-b797b6459e8e4a71b62d85e2d3510273
x,ok,جامع العلوم والحكم في شرح خمسين حديثا من جوامع الكلم - ت: الفحل,jama alalwm walhkm fy shrh khmsyn hdytha mn jwama alklm t alfhl,Ibn Rajab al-Hanbali,ابن رجب الحنبلي,hadith-studies,18.1,,https://waqfeya.net/books/جامع-العلوم-والحكم-في-شرح-خمسين-حديثا-من-جوامع-الكلم-ت-الفحل-d13666227fbe4ffd8301720b815a45c6
,review,رياض الصالحين من كلام سيد المرسلين - ت: التركي,ryad alsalhyn mn klam syd almrslyn t altrky,al-Nawawi,النووي,hadith-studies,12.7,,https://waqfeya.net/books/رياض-الصالحين-من-كلام-سيد-المرسلين-ت-التركي-8bdaae04d86c42f5ae9fe56e55777c0c
,review,رياض الصالحين من كلام سيد المرسلين - ت: الفحل,ryad alsalhyn mn klam syd almrslyn t alfhl,al-Nawawi,النووي,hadith-studies,12,,https://waqfeya.net/books/رياض-الصالحين-من-كلام-سيد-المرسلين-ت-الفحل-ee9813f679944a58b938a07bd14a4019
x,ok,نيل الأوطار من أسرار منتقى الأخبار - ت: عوض الله,nyl alawtar mn asrar mntqy alakhbar t awd allh,al-Shawkani,الشوكاني,hadith-studies,18.9,,https://waqfeya.net/books/نيل-الأوطار-من-أسرار-منتقى-الأخبار-ت-عوض-الله-5aa3cc340ef644c1a2c2b9e3d7004f74
x,ok,نيل الأوطار من أسرار منتقى الأخبار - ت: حلاق,nyl alawtar mn asrar mntqy alakhbar t hlaq,al-Shawkani,الشوكاني,hadith-studies,14.1,,https://waqfeya.net/books/نيل-الأوطار-من-أسرار-منتقى-الأخبار-ت-حلاق-88e0e0bec1084aeba7408e16d6f6c1a7
x,ok,المنتقى في الأحكام الشرعية من كلام خير البرية - ت: عوض الله,almntqy fy alahkam alshrayh mn klam khyr albryh t awd allh,Ibn Taymiyyah,ابن تيمية,hadith-studies,21.4,,https://waqfeya.net/books/المنتقى-في-الأحكام-الشرعية-من-كلام-خير-البرية-ت-عوض-الله-cb7aca66ff72417aa28b23e4bf2e7d66
x,ok,المنتقى من أخبار المصطفى صلى الله عليه وسلم - ت: الفقي,almntqy mn akhbar almstfy sly allh alyh wslm t alfqy,Ibn Taymiyyah,ابن تيمية,hadith-studies,22.7,,https://waqfeya.net/books/المنتقى-من-أخبار-المصطفى-صلى-الله-عليه-وسلم-ت-الفقي-9d39981ed7164a5b9a374a20d05caf82
x,ok,مصنف ابن أبي شيبة - ت: أسامة,msnf abn aby shybh t asamh,Ibn Abi Shaybah,ابن أبي شيبة,hadith-studies,12.5,,https://waqfeya.net/books/مصنف-ابن-أبي-شيبة-ت-أسامة-3f8164784f6a4f1c9fbbaeac728ac35f
x,ok,سنن الدارقطني - ط. المعرفة,snn aldarqtny t almarfh,al-Daraqutni,الدارقطني,hadith-studies,15.5,,https://waqfeya.net/books/سنن-الدارقطني-ط-المعرفة-e52c1bf6cc994a12959a62beb32baa26
x,ok,جامع العلوم والحكم في شرح خمسين حديثا من جوامع الكلم - ت: عوض الله,jama alalwm walhkm fy shrh khmsyn hdytha mn jwama alklm t awd allh,Ibn Rajab al-Hanbali,ابن رجب الحنبلي,hadith-studies,18.1,,https://waqfeya.net/books/جامع-العلوم-والحكم-في-شرح-خمسين-حديثا-من-جوامع-الكلم-ت-عوض-الله-4e58e40f5978481ba0e525f98a232ace
x,ok,جامع العلوم والحكم في شرح خمسين حديثا من جوامع الكلم - ط الصفوة,jama alalwm walhkm fy shrh khmsyn hdytha mn jwama alklm t alsfwh,Ibn Rajab al-Hanbali,ابن رجب الحنبلي,hadith-studies,11.5,,https://waqfeya.net/books/جامع-العلوم-والحكم-في-شرح-خمسين-حديثا-من-جوامع-الكلم-ط-الصفوة-7ed4170072d442bca490bc074189de08
x,ok,جامع العلوم والحكم في شرح خمسين حديثا من جوامع الكلم - ت: إبراهيم,jama alalwm walhkm fy shrh khmsyn hdytha mn jwama alklm t abrahym,Ibn Rajab al-Hanbali,ابن رجب الحنبلي,hadith-studies,14.1,,https://waqfeya.net/books/جامع-العلوم-والحكم-في-شرح-خمسين-حديثا-من-جوامع-الكلم-ت-إبراهيم-5fdb9c75a13a4d40a1890792eb901422
x,ok,شرح رياض الصالحين - ط. الوطن,shrh ryad alsalhyn t alwtn,Muhammad ibn Salih al-Uthaymin,محمد بن صالح العثيمين,hadith-studies,14.1,,https://waqfeya.net/books/شرح-رياض-الصالحين-ط-الوطن-cf0dbefca7b548cbbf212b21d6766185
,review,رياض الصالحين من حديث سيد المرسلين - ت: الحلبي,ryad alsalhyn mn hdyth syd almrslyn t alhlby,al-Nawawi,النووي,hadith-studies,15,,https://waqfeya.net/books/رياض-الصالحين-من-حديث-سيد-المرسلين-ت-الحلبي-19d8a2b4228f4561a96c4dac4cae44ce
,review,رياض الصالحين من حديث سيد المرسلين - ط. دار المأمون,ryad alsalhyn mn hdyth syd almrslyn t dar almamwn,al-Nawawi,النووي,hadith-studies,13.1,,https://waqfeya.net/books/رياض-الصالحين-من-حديث-سيد-المرسلين-ط-دار-المأمون-135d6406f7864fc7ac0c1b4205fad722
,review,رياض الصالحين من حديث سيد المرسلين - ت: هادي - ط. أوقاف قطر,ryad alsalhyn mn hdyth syd almrslyn t hady t awqaf qtr,al-Nawawi,النووي,hadith-studies,10.5,,https://waqfeya.net/books/رياض-الصالحين-من-حديث-سيد-المرسلين-ت-هادي-ط-الأوقاف-القطرية-c58f043b728b49c6a6e20ab9597ffef3
x,ok,نيل الأوطار شرح منتقى الأخبار - ط. بيت الأفكار,nyl alawtar shrh mntqy alakhbar t byt alafkar,al-Shawkani,الشوكاني,hadith-studies,56.1,,https://waqfeya.net/books/نيل-الأوطار-شرح-منتقى-الأخبار-ط-الأفكار-86ae34bd2bc041c1aa26fdf1838a5f9d
